Invoice_ID,Date,Product_Name,Category,Quantity,Unit_Price,Total_Price,Location,Payment_Method,Rating,Month,Revenue_Category,Is_High_Rated
INV0001,2025-03-12,Dell Inspiron,Laptop,1.0,48000,48000.0,Bangalore,,4.2,2025-03,High,False
INV0002,2024-12-13,JBL Headphones,Accessories,4.0,2500,10000.0,Hyderabad,Card,4.2,2024-12,Medium,False
INV0003,2024-12-06,Boat Smart Watch,Smart Watch,1.0,2500,2500.0,Jaipur,Wallet,4.8,2024-12,Low,True
INV0004,2025-04-10,Samsung M14,Mobile,4.0,14000,56000.0,Jaipur,Card,3.4,2025-04,Very High,False
INV0005,2025-01-31,Samsung Smart TV,Smart TV,5.0,40000,200000.0,Mumbai,UPI,4.3,2025-01,,False
INV0006,2025-03-23,Samsung Smart TV,Smart TV,2.0,40000,80000.0,Delhi,UPI,4.6,2025-03,Very High,True
INV0007,2024-12-15,Logitech Mouse,Accessories,2.0,700,1400.0,Hyderabad,UPI,4.9,2024-12,Low,True
INV0008,2024-12-13,Logitech Mouse,Accessories,1.0,700,700.0,Hyderabad,Card,4.5,2024-12,Low,True
INV0009,2025-02-21,Samsung M14,Mobile,1.0,14000,14000.0,Chennai,Wallet,3.4,2025-02,Medium,False
INV0010,2024-11-30,Boat Smart Watch,Smart Watch,5.0,2500,12500.0,Hyderabad,UPI,4.3,2024-11,Medium,False
INV0011,2024-11-24,Samsung M14,Mobile,2.0,14000,28000.0,Kolkata,Card,3.0,2024-11,High,False
INV0012,2025-02-09,Logitech Mouse,Accessories,1.0,700,700.0,Mumbai,Cash,4.8,2025-02,Low,True
INV0013,2025-03-24,Redmi Note 12,Mobile,4.0,13000,52000.0,Chennai,Cash,3.4,2025-03,Very High,False
INV0014,2025-04-15,Apple Watch,Smart Watch,2.0,32000,64000.0,Pune,Wallet,4.5,2025-04,Very High,True
INV0015,2025-04-20,HP Pavilion 15,Laptop,4.0,52000,208000.0,Chennai,Cash,3.8,2025-04,,False
INV0016,2025-03-21,HP Pavilion 15,Laptop,3.0,52000,156000.0,Kolkata,Card,4.2,2025-03,,False
INV0017,2024-12-06,HP Pavilion 15,Laptop,3.0,52000,156000.0,Jaipur,Cash,3.8,2024-12,,False
INV0018,2025-04-16,Apple Watch,Smart Watch,4.0,32000,128000.0,Hyderabad,UPI,4.7,2025-04,,True
INV0019,2025-03-08,iPhone 14,Mobile,5.0,75000,375000.0,Jaipur,Card,4.5,2025-03,,True
INV0020,2025-03-17,Samsung M14,Mobile,5.0,14000,70000.0,Jaipur,Cash,3.8,2025-03,Very High,False
INV0021,2025-04-24,iPhone 14,Mobile,1.0,75000,75000.0,Bangalore,Card,4.1,2025-04,Very High,False
INV0022,2025-02-09,JBL Headphones,Accessories,4.0,2500,10000.0,Bangalore,Wallet,4.8,2025-02,Medium,True
INV0023,2025-02-15,Apple Watch,Smart Watch,3.0,32000,96000.0,Mumbai,Card,4.4,2025-02,Very High,False
INV0024,2024-11-16,Logitech Mouse,Accessories,5.0,700,3500.0,Kolkata,Wallet,3.9,2024-11,Low,False
INV0025,2025-04-09,Redmi Note 12,Mobile,3.0,13000,39000.0,Jaipur,Wallet,3.3,2025-04,High,False
INV0026,2024-12-21,Samsung Smart TV,Smart TV,4.0,40000,160000.0,Delhi,Card,3.2,2024-12,,False
INV0027,2025-05-03,Logitech Mouse,Accessories,3.0,700,2100.0,Delhi,UPI,4.0,2025-05,Low,False
INV0028,2025-01-13,Logitech Mouse,Accessories,4.0,700,2800.0,Chennai,Cash,4.6,2025-01,Low,True
INV0029,2025-02-03,Apple Watch,Smart Watch,2.0,32000,64000.0,Kolkata,Card,3.3,2025-02,Very High,False
INV0030,2025-04-28,JBL Headphones,Accessories,2.0,2500,5000.0,Chennai,Card,4.0,2025-04,Low,False
INV0031,2025-03-19,Samsung M14,Mobile,4.0,14000,56000.0,Mumbai,Card,4.2,2025-03,Very High,False
INV0032,2024-11-21,JBL Headphones,Accessories,3.0,2500,7500.0,Hyderabad,Wallet,4.4,2024-11,Medium,False
INV0033,2025-03-05,Dell Inspiron,Laptop,1.0,48000,48000.0,Bangalore,Card,3.5,2025-03,High,False
INV0034,2024-11-18,Redmi Note 12,Mobile,4.0,13000,52000.0,Jaipur,UPI,3.7,2024-11,Very High,False
INV0035,2025-05-17,Samsung M14,Mobile,2.0,14000,28000.0,Bangalore,Wallet,4.3,2025-05,High,False
INV0036,2025-02-24,HP Keyboard,Accessories,5.0,1200,6000.0,Hyderabad,Cash,3.2,2025-02,Medium,False
INV0037,2024-12-15,Samsung M14,Mobile,3.0,14000,42000.0,Mumbai,Card,4.1,2024-12,High,False
INV0038,2025-04-28,iPhone 14,Mobile,1.0,75000,75000.0,Bangalore,Cash,4.1,2025-04,Very High,False
INV0039,2025-02-22,Redmi Note 12,Mobile,4.0,13000,52000.0,Hyderabad,UPI,3.9,2025-02,Very High,False
INV0040,2024-11-20,MacBook Air,Laptop,1.0,95000,95000.0,Hyderabad,Card,3.2,2024-11,Very High,False
INV0041,2025-03-08,Samsung M14,Mobile,3.0,14000,42000.0,Mumbai,Cash,4.4,2025-03,High,False
INV0042,2024-12-14,iPhone 14,Mobile,4.0,75000,300000.0,Chennai,UPI,5.0,2024-12,,True
INV0043,2025-05-12,Boat Smart Watch,Smart Watch,1.0,2500,2500.0,Delhi,Card,4.5,2025-05,Low,True
INV0044,2025-05-06,MacBook Air,Laptop,3.0,95000,285000.0,Delhi,UPI,4.0,2025-05,,False
INV0045,2025-01-28,Apple Watch,Smart Watch,1.0,32000,32000.0,Bangalore,Cash,4.8,2025-01,High,True
INV0046,2025-01-06,Samsung Smart TV,Smart TV,3.0,40000,120000.0,Kolkata,Wallet,4.1,2025-01,,False
INV0047,2025-03-21,HP Keyboard,Accessories,2.0,1200,2400.0,Chennai,Wallet,3.2,2025-03,Low,False
INV0048,2025-04-05,Dell Inspiron,Laptop,2.0,48000,96000.0,Mumbai,Card,3.4,2025-04,Very High,False
INV0049,2025-03-19,MacBook Air,Laptop,2.0,95000,190000.0,Delhi,Card,3.5,2025-03,,False
INV0050,2025-01-30,Redmi Note 12,Mobile,1.0,13000,13000.0,Kolkata,Wallet,4.5,2025-01,Medium,True
INV0051,2025-01-27,Samsung Smart TV,Smart TV,1.0,40000,40000.0,Jaipur,Cash,4.1,2025-01,High,False
INV0052,2025-03-31,HP Pavilion 15,Laptop,2.0,52000,104000.0,Bangalore,Card,4.3,2025-03,,False
INV0053,2025-01-31,MacBook Air,Laptop,5.0,95000,475000.0,Bangalore,Card,3.2,2025-01,,False
INV0054,2025-04-17,iPhone 14,Mobile,5.0,75000,375000.0,Jaipur,UPI,3.5,2025-04,,False
INV0055,2025-03-10,Samsung M14,Mobile,2.0,14000,28000.0,Hyderabad,Card,4.2,2025-03,High,False
INV0056,2024-11-19,Logitech Mouse,Accessories,2.0,700,1400.0,Jaipur,Card,3.5,2024-11,Low,False
INV0057,2024-12-22,Redmi Note 12,Mobile,1.0,13000,13000.0,Kolkata,Wallet,3.9,2024-12,Medium,False
INV0058,2025-04-05,HP Keyboard,Accessories,3.0,1200,3600.0,Chennai,Cash,3.2,2025-04,Low,False
INV0059,2025-03-06,Dell Inspiron,Laptop,3.0,48000,144000.0,Kolkata,Card,4.4,2025-03,,False
INV0060,2024-11-19,HP Keyboard,Accessories,2.0,1200,2400.0,Jaipur,Wallet,4.0,2024-11,Low,False
INV0061,2025-02-03,HP Pavilion 15,Laptop,2.0,52000,104000.0,Kolkata,Cash,3.5,2025-02,,False
INV0062,2025-04-06,Samsung Smart TV,Smart TV,1.0,40000,40000.0,Hyderabad,Wallet,4.5,2025-04,High,True
INV0063,2024-12-01,Logitech Mouse,Accessories,3.0,700,2100.0,Mumbai,Card,4.2,2024-12,Low,False
INV0064,2025-04-21,Logitech Mouse,Accessories,2.0,700,1400.0,Kolkata,Wallet,4.8,2025-04,Low,True
INV0065,2025-02-11,Boat Smart Watch,Smart Watch,4.0,2500,10000.0,Bangalore,Cash,3.4,2025-02,Medium,False
INV0066,2025-02-06,Dell Inspiron,Laptop,3.0,48000,144000.0,Mumbai,Wallet,3.2,2025-02,,False
INV0067,2025-02-12,Boat Smart Watch,Smart Watch,2.0,2500,5000.0,Pune,Cash,4.9,2025-02,Low,True
INV0068,2025-02-11,Samsung Smart TV,Smart TV,5.0,40000,200000.0,Mumbai,UPI,4.3,2025-02,,False
INV0069,2024-11-28,JBL Headphones,Accessories,3.0,2500,7500.0,Pune,UPI,3.9,2024-11,Medium,False
INV0070,2025-02-01,Logitech Mouse,Accessories,3.0,700,2100.0,Chennai,Wallet,4.9,2025-02,Low,True
INV0071,2025-03-12,iPhone 14,Mobile,5.0,75000,375000.0,Kolkata,UPI,3.1,2025-03,,False
INV0072,2024-11-29,Dell Inspiron,Laptop,4.0,48000,192000.0,Chennai,UPI,3.1,2024-11,,False
INV0073,2024-11-29,HP Keyboard,Accessories,1.0,1200,1200.0,Bangalore,Cash,4.6,2024-11,Low,True
INV0074,2025-01-15,Logitech Mouse,Accessories,5.0,700,3500.0,Kolkata,Card,3.9,2025-01,Low,False
INV0075,2025-01-04,JBL Headphones,Accessories,4.0,2500,10000.0,Jaipur,Card,4.2,2025-01,Medium,False
INV0076,2025-01-11,MacBook Air,Laptop,5.0,95000,475000.0,Kolkata,Card,4.0,2025-01,,False
INV0077,2025-04-03,Samsung Smart TV,Smart TV,5.0,40000,,Bangalore,Card,3.4,2025-04,,False
INV0078,2025-03-13,HP Pavilion 15,Laptop,3.0,52000,156000.0,Chennai,Card,3.7,2025-03,,False
INV0079,2025-03-19,MacBook Air,Laptop,5.0,95000,475000.0,Mumbai,Card,5.0,2025-03,,True
INV0080,2025-02-12,Boat Smart Watch,Smart Watch,5.0,2500,12500.0,Bangalore,Card,4.2,2025-02,Medium,False
INV0081,2025-02-05,Boat Smart Watch,Smart Watch,3.0,2500,7500.0,Bangalore,Card,4.8,2025-02,Medium,True
INV0082,2024-12-26,Apple Watch,Smart Watch,5.0,32000,160000.0,Pune,Wallet,4.3,2024-12,,False
INV0083,2024-11-30,HP Keyboard,Accessories,2.0,1200,2400.0,Chennai,Wallet,3.9,2024-11,Low,False
INV0084,2024-12-05,Logitech Mouse,Accessories,4.0,700,2800.0,Hyderabad,UPI,4.4,2024-12,Low,False
INV0085,2025-03-27,HP Pavilion 15,Laptop,3.0,52000,156000.0,Chennai,UPI,5.0,2025-03,,True
INV0086,2024-12-17,HP Pavilion 15,Laptop,4.0,52000,208000.0,Delhi,Card,3.1,2024-12,,False
INV0087,2024-12-21,Boat Smart Watch,Smart Watch,5.0,2500,12500.0,Delhi,Card,3.7,2024-12,Medium,False
INV0088,2025-03-08,Logitech Mouse,Accessories,1.0,700,700.0,Hyderabad,Card,4.6,2025-03,Low,True
INV0089,2024-12-05,JBL Headphones,Accessories,5.0,2500,12500.0,Hyderabad,UPI,3.5,2024-12,Medium,False
INV0090,2025-03-17,MacBook Air,Laptop,5.0,95000,475000.0,Chennai,Cash,4.0,2025-03,,False
INV0091,2025-03-25,MacBook Air,Laptop,3.0,95000,285000.0,Chennai,UPI,3.4,2025-03,,False
INV0092,2025-01-11,HP Pavilion 15,Laptop,5.0,52000,260000.0,Hyderabad,Cash,3.5,2025-01,,False
INV0093,2024-11-27,JBL Headphones,Accessories,4.0,2500,10000.0,Mumbai,UPI,4.1,2024-11,Medium,False
INV0094,2025-01-14,Boat Smart Watch,Smart Watch,2.0,2500,5000.0,Bangalore,UPI,4.9,2025-01,Low,True
INV0095,2024-11-21,MacBook Air,Laptop,2.0,95000,190000.0,Bangalore,Cash,3.3,2024-11,,False
INV0096,2024-11-26,Apple Watch,Smart Watch,2.0,32000,64000.0,Hyderabad,UPI,3.9,2024-11,Very High,False
INV0097,2025-05-04,Boat Smart Watch,Smart Watch,3.0,2500,7500.0,Mumbai,Cash,3.3,2025-05,Medium,False
INV0098,2025-03-31,JBL Headphones,Accessories,1.0,2500,2500.0,Chennai,Wallet,3.7,2025-03,Low,False
INV0099,2025-04-02,HP Pavilion 15,Laptop,2.0,52000,104000.0,Jaipur,UPI,4.9,2025-04,,True
INV0100,2025-01-27,HP Pavilion 15,Laptop,5.0,52000,260000.0,Bangalore,Card,3.6,2025-01,,False
INV0101,2025-04-25,MacBook Air,Laptop,1.0,95000,95000.0,Pune,UPI,3.5,2025-04,Very High,False
INV0102,2025-04-27,iPhone 14,Mobile,3.0,75000,225000.0,Chennai,Cash,4.1,2025-04,,False
INV0103,2025-04-10,Samsung M14,Mobile,2.0,14000,28000.0,Kolkata,Cash,3.1,2025-04,High,False
INV0104,2025-03-24,HP Pavilion 15,Laptop,2.0,52000,104000.0,Jaipur,Wallet,5.0,2025-03,,True
INV0105,2025-04-21,Dell Inspiron,Laptop,1.0,48000,48000.0,Hyderabad,Cash,4.8,2025-04,High,True
INV0106,2024-11-21,JBL Headphones,Accessories,2.0,2500,5000.0,Bangalore,Cash,5.0,2024-11,Low,True
INV0107,2025-01-15,Samsung M14,Mobile,4.0,14000,56000.0,Bangalore,Wallet,4.9,2025-01,Very High,True
INV0108,2025-02-26,Logitech Mouse,Accessories,4.0,700,2800.0,Chennai,UPI,4.6,2025-02,Low,True
INV0109,2025-05-06,HP Pavilion 15,Laptop,4.0,52000,208000.0,Delhi,Wallet,3.8,2025-05,,False
INV0110,2024-12-29,HP Keyboard,Accessories,5.0,1200,6000.0,Jaipur,UPI,3.8,2024-12,Medium,False
INV0111,2024-12-29,iPhone 14,Mobile,3.0,75000,225000.0,Jaipur,Cash,3.1,2024-12,,False
INV0112,2025-03-22,MacBook Air,Laptop,2.0,95000,190000.0,Kolkata,Cash,4.5,2025-03,,True
INV0113,2024-11-19,Dell Inspiron,Laptop,2.0,48000,96000.0,Jaipur,Card,4.7,2024-11,Very High,True
INV0114,2024-12-24,Boat Smart Watch,Smart Watch,2.0,2500,5000.0,Kolkata,Card,4.9,2024-12,Low,True
INV0115,2025-02-24,HP Keyboard,Accessories,4.0,1200,4800.0,Pune,UPI,3.8,2025-02,Low,False
INV0116,2024-11-27,Samsung M14,Mobile,3.0,14000,42000.0,Chennai,Cash,4.3,2024-11,High,False
INV0117,2025-05-06,Samsung M14,Mobile,4.0,14000,56000.0,Chennai,Cash,4.0,2025-05,Very High,False
INV0118,2025-01-27,JBL Headphones,Accessories,1.0,2500,2500.0,Pune,Card,3.5,2025-01,Low,False
INV0119,2025-02-16,Redmi Note 12,Mobile,2.0,13000,26000.0,Delhi,Cash,4.0,2025-02,High,False
INV0120,2025-03-24,Samsung Smart TV,Smart TV,3.0,40000,120000.0,Pune,UPI,4.7,2025-03,,True
INV0121,2024-12-19,iPhone 14,Mobile,1.0,75000,75000.0,Jaipur,Wallet,4.3,2024-12,Very High,False
INV0122,2025-01-16,JBL Headphones,Accessories,1.0,2500,2500.0,Bangalore,Card,3.6,2025-01,Low,False
INV0123,2025-01-26,JBL Headphones,Accessories,5.0,2500,12500.0,Bangalore,UPI,4.7,2025-01,Medium,True
INV0124,2024-12-20,Samsung Smart TV,Smart TV,3.0,40000,120000.0,Pune,,3.5,2024-12,,False
INV0125,2025-01-03,Logitech Mouse,Accessories,5.0,700,3500.0,Bangalore,Cash,4.2,2025-01,Low,False
INV0126,2025-01-04,Logitech Mouse,Accessories,4.0,700,2800.0,Mumbai,Cash,4.5,2025-01,Low,True
INV0127,2025-03-28,Samsung Smart TV,Smart TV,1.0,40000,40000.0,Delhi,Cash,3.7,2025-03,High,False
INV0128,2025-03-03,HP Keyboard,Accessories,2.0,1200,2400.0,Jaipur,Cash,3.7,2025-03,Low,False
INV0129,2025-01-26,Samsung M14,Mobile,3.0,14000,42000.0,Kolkata,UPI,3.3,2025-01,High,False
INV0130,2024-12-27,iPhone 14,Mobile,1.0,75000,75000.0,Delhi,UPI,3.1,2024-12,Very High,False
INV0131,2025-02-06,Samsung Smart TV,Smart TV,5.0,40000,200000.0,Mumbai,Card,4.5,2025-02,,True
INV0132,2025-05-10,MacBook Air,Laptop,3.0,95000,285000.0,Jaipur,Cash,3.2,2025-05,,False
INV0133,2025-01-16,JBL Headphones,Accessories,4.0,2500,10000.0,Delhi,UPI,3.1,2025-01,Medium,False
INV0134,2025-03-02,Apple Watch,Smart Watch,2.0,32000,64000.0,Hyderabad,Wallet,4.7,2025-03,Very High,True
INV0135,2025-05-08,Samsung M14,Mobile,3.0,14000,42000.0,Pune,UPI,3.1,2025-05,High,False
INV0136,2025-03-10,MacBook Air,Laptop,5.0,95000,475000.0,Pune,UPI,3.3,2025-03,,False
,2024-11-21,JBL Headphones,Accessories,5.0,2500,12500.0,Kolkata,UPI,3.3,2024-11,Medium,False
INV0138,2025-03-06,MacBook Air,Laptop,4.0,95000,380000.0,Bangalore,Cash,4.7,2025-03,,True
INV0139,2025-01-25,MacBook Air,Laptop,4.0,95000,380000.0,Delhi,Cash,4.3,2025-01,,False
INV0140,2025-05-05,Samsung M14,Mobile,5.0,14000,70000.0,Chennai,Cash,4.1,2025-05,Very High,False
INV0141,2024-12-29,iPhone 14,Mobile,3.0,75000,225000.0,Jaipur,Card,3.2,2024-12,,False
INV0142,2025-01-25,Logitech Mouse,Accessories,3.0,700,2100.0,Mumbai,Wallet,3.4,2025-01,Low,False
INV0143,2024-12-25,Redmi Note 12,Mobile,4.0,13000,52000.0,Delhi,Wallet,4.8,2024-12,Very High,True
INV0144,2025-01-04,Redmi Note 12,Mobile,3.0,13000,39000.0,Hyderabad,UPI,3.7,2025-01,High,False
INV0145,2024-12-09,HP Keyboard,Accessories,2.0,1200,2400.0,Pune,Cash,3.2,2024-12,Low,False
INV0146,2025-04-16,HP Pavilion 15,Laptop,5.0,52000,260000.0,Chennai,Cash,3.3,2025-04,,False
INV0147,2025-01-06,Logitech Mouse,Accessories,3.0,700,2100.0,Bangalore,UPI,4.9,2025-01,Low,True
INV0148,2025-03-10,Logitech Mouse,Accessories,2.0,700,1400.0,Bangalore,Card,4.0,2025-03,Low,False
INV0149,2025-01-29,Boat Smart Watch,Smart Watch,2.0,2500,5000.0,Mumbai,Cash,3.6,2025-01,Low,False
INV0150,2025-03-02,MacBook Air,Laptop,5.0,95000,475000.0,Jaipur,Wallet,3.0,2025-03,,False
INV0151,2024-12-15,iPhone 14,Mobile,1.0,75000,75000.0,Hyderabad,Card,4.1,2024-12,Very High,False
INV0152,2025-03-20,iPhone 14,Mobile,1.0,75000,75000.0,Chennai,Cash,3.5,2025-03,Very High,False
INV0153,2025-04-24,MacBook Air,Laptop,5.0,95000,475000.0,Hyderabad,UPI,3.3,2025-04,,False
INV0154,2024-12-06,Apple Watch,Smart Watch,2.0,32000,64000.0,Kolkata,UPI,3.5,2024-12,Very High,False
INV0155,2025-01-24,iPhone 14,Mobile,4.0,75000,300000.0,Pune,Card,3.2,2025-01,,False
INV0156,2025-02-25,JBL Headphones,Accessories,5.0,2500,12500.0,Mumbai,UPI,3.5,2025-02,Medium,False
INV0157,2025-05-16,Logitech Mouse,Accessories,1.0,700,700.0,Mumbai,Cash,4.4,2025-05,Low,False
INV0158,2024-12-07,Dell Inspiron,Laptop,2.0,48000,96000.0,Chennai,Cash,4.8,2024-12,Very High,True
INV0159,2025-02-17,JBL Headphones,Accessories,3.0,2500,7500.0,Delhi,UPI,4.8,2025-02,Medium,True
INV0160,2025-01-29,Samsung M14,Mobile,3.0,14000,42000.0,Jaipur,Card,3.2,2025-01,High,False
INV0161,2024-12-11,HP Keyboard,Accessories,1.0,1200,1200.0,Delhi,Cash,4.9,2024-12,Low,True
INV0162,2025-05-09,iPhone 14,Mobile,5.0,75000,375000.0,Mumbai,Wallet,3.6,2025-05,,False
INV0163,2025-05-04,HP Pavilion 15,Laptop,3.0,52000,156000.0,Jaipur,Card,4.4,2025-05,,False
INV0164,2025-04-30,Samsung Smart TV,Smart TV,5.0,40000,200000.0,Hyderabad,Card,4.8,2025-04,,True
INV0165,2025-01-03,Samsung M14,Mobile,1.0,14000,14000.0,Jaipur,UPI,4.6,2025-01,Medium,True
INV0166,2025-03-08,Samsung M14,Mobile,1.0,14000,14000.0,Mumbai,UPI,4.5,2025-03,Medium,True
INV0167,2025-01-10,HP Keyboard,Accessories,3.0,1200,3600.0,Mumbai,Cash,4.3,2025-01,Low,False
INV0168,2025-02-26,Dell Inspiron,Laptop,2.0,48000,96000.0,Bangalore,Card,3.9,2025-02,Very High,False
INV0169,2025-03-07,iPhone 14,Mobile,2.0,75000,150000.0,Mumbai,Wallet,4.1,2025-03,,False
INV0170,2025-01-30,HP Keyboard,Accessories,2.0,1200,2400.0,Bangalore,UPI,3.4,2025-01,Low,False
INV0171,2024-11-16,Logitech Mouse,Accessories,1.0,700,700.0,Kolkata,Card,3.4,2024-11,Low,False
INV0172,2024-12-23,Dell Inspiron,Laptop,4.0,48000,192000.0,Mumbai,UPI,3.6,2024-12,,False
INV0173,2025-04-04,HP Pavilion 15,Laptop,1.0,52000,52000.0,Chennai,Wallet,3.1,2025-04,Very High,False
INV0174,2025-04-05,iPhone 14,Mobile,4.0,75000,300000.0,Mumbai,Card,4.3,2025-04,,False
INV0175,2025-02-09,Dell Inspiron,Laptop,4.0,48000,192000.0,Delhi,Wallet,4.8,2025-02,,True
INV0176,2025-01-29,iPhone 14,Mobile,3.0,75000,225000.0,Delhi,UPI,4.5,2025-01,,True
INV0177,2025-03-16,MacBook Air,Laptop,3.0,95000,285000.0,Hyderabad,Wallet,4.0,2025-03,,False
INV0178,2025-01-28,Logitech Mouse,Accessories,2.0,700,1400.0,Delhi,Card,4.1,2025-01,Low,False
INV0179,2024-12-30,Samsung Smart TV,Smart TV,2.0,40000,80000.0,Hyderabad,Card,3.9,2024-12,Very High,False
INV0180,2025-05-16,JBL Headphones,Accessories,3.0,2500,7500.0,Kolkata,Card,4.6,2025-05,Medium,True
INV0181,2025-02-28,Redmi Note 12,Mobile,1.0,13000,13000.0,Hyderabad,Wallet,4.0,2025-02,Medium,False
INV0182,2025-03-26,Boat Smart Watch,Smart Watch,3.0,2500,7500.0,Bangalore,Wallet,4.9,2025-03,Medium,True
INV0183,2025-04-17,Samsung Smart TV,Smart TV,5.0,40000,200000.0,Pune,Wallet,3.1,2025-04,,False
INV0184,2024-12-19,HP Pavilion 15,Laptop,5.0,52000,260000.0,Chennai,Wallet,3.5,2024-12,,False
INV0185,2024-12-06,Logitech Mouse,Accessories,1.0,700,700.0,Pune,Cash,4.7,2024-12,Low,True
INV0186,2025-03-02,HP Pavilion 15,Laptop,2.0,52000,104000.0,Kolkata,UPI,4.8,2025-03,,True
INV0187,2025-01-29,Logitech Mouse,Accessories,4.0,700,2800.0,Bangalore,Card,4.3,2025-01,Low,False
INV0188,2024-12-01,MacBook Air,Laptop,5.0,95000,475000.0,Mumbai,UPI,4.7,2024-12,,True
INV0189,2024-12-12,Logitech Mouse,Accessories,3.0,700,2100.0,Chennai,Wallet,4.7,2024-12,Low,True
INV0190,2024-11-16,Dell Inspiron,Laptop,3.0,48000,144000.0,Chennai,Card,3.7,2024-11,,False
INV0191,2025-04-04,Samsung Smart TV,Smart TV,2.0,40000,80000.0,Kolkata,Cash,4.1,2025-04,Very High,False
INV0192,2025-04-09,Logitech Mouse,Accessories,1.0,700,700.0,Hyderabad,Wallet,3.6,2025-04,Low,False
INV0193,2025-03-02,Samsung M14,Mobile,4.0,14000,56000.0,Bangalore,Cash,4.5,2025-03,Very High,True
INV0194,2025-01-20,Logitech Mouse,Accessories,4.0,700,2800.0,Mumbai,Card,4.1,2025-01,Low,False
INV0195,2025-03-18,Logitech Mouse,Accessories,4.0,700,2800.0,Delhi,Wallet,4.1,2025-03,Low,False
INV0196,2025-01-19,Logitech Mouse,Accessories,2.0,700,1400.0,Pune,Card,3.8,2025-01,Low,False
INV0197,2025-04-16,Redmi Note 12,Mobile,4.0,13000,52000.0,Delhi,Card,3.3,2025-04,Very High,False
INV0198,2025-05-08,MacBook Air,Laptop,3.0,95000,285000.0,Hyderabad,Card,3.4,2025-05,,False
INV0199,2024-12-08,MacBook Air,Laptop,2.0,95000,190000.0,Bangalore,Wallet,4.1,2024-12,,False
INV0200,2025-03-27,Boat Smart Watch,Smart Watch,1.0,2500,2500.0,Chennai,UPI,3.7,2025-03,Low,False
INV0201,2025-03-12,iPhone 14,Mobile,4.0,75000,300000.0,Delhi,Cash,4.2,2025-03,,False
INV0202,2025-01-14,JBL Headphones,Accessories,3.0,2500,7500.0,Delhi,Card,4.1,2025-01,Medium,False
INV0203,2025-02-05,iPhone 14,Mobile,1.0,75000,75000.0,Kolkata,Card,3.6,2025-02,Very High,False
INV0204,2025-02-12,Samsung Smart TV,Smart TV,1.0,40000,40000.0,Pune,Card,3.3,2025-02,High,False
INV0205,2025-03-07,Dell Inspiron,Laptop,3.0,48000,144000.0,Bangalore,,4.3,2025-03,,False
INV0206,2025-04-17,Apple Watch,Smart Watch,1.0,32000,32000.0,Delhi,Wallet,3.2,2025-04,High,False
INV0207,2025-04-10,Logitech Mouse,Accessories,3.0,700,2100.0,Mumbai,UPI,4.9,2025-04,Low,True
INV0208,2025-05-02,HP Keyboard,Accessories,2.0,1200,2400.0,Bangalore,Cash,4.6,2025-05,Low,True
INV0209,2025-01-01,Samsung M14,Mobile,5.0,14000,70000.0,Bangalore,Wallet,4.2,2025-01,Very High,False
INV0210,2025-01-28,HP Pavilion 15,Laptop,3.0,52000,156000.0,Pune,Cash,3.7,2025-01,,False
INV0211,2025-01-09,Samsung M14,Mobile,4.0,14000,56000.0,Kolkata,Cash,4.6,2025-01,Very High,True
INV0212,2024-12-18,Boat Smart Watch,Smart Watch,4.0,2500,10000.0,Chennai,Wallet,3.7,2024-12,Medium,False
INV0213,2025-01-03,Samsung Smart TV,Smart TV,2.0,40000,80000.0,Kolkata,Card,4.4,2025-01,Very High,False
INV0214,2025-02-18,JBL Headphones,Accessories,2.0,2500,5000.0,Bangalore,UPI,3.6,2025-02,Low,False
INV0215,2025-03-22,HP Keyboard,Accessories,5.0,1200,6000.0,Pune,Wallet,3.3,2025-03,Medium,False
INV0216,2025-04-18,Redmi Note 12,Mobile,1.0,13000,13000.0,Bangalore,Card,4.2,2025-04,Medium,False
INV0217,2025-01-28,iPhone 14,Mobile,2.0,75000,150000.0,Mumbai,Wallet,3.1,2025-01,,False
INV0218,2025-03-04,Logitech Mouse,Accessories,3.0,700,2100.0,Bangalore,Cash,3.8,2025-03,Low,False
INV0219,2024-12-27,Dell Inspiron,Laptop,5.0,48000,240000.0,Hyderabad,UPI,4.4,2024-12,,False
INV0220,2025-02-05,MacBook Air,Laptop,1.0,95000,95000.0,Delhi,UPI,4.3,2025-02,Very High,False
INV0221,2025-01-10,iPhone 14,Mobile,1.0,75000,75000.0,Mumbai,Card,3.8,2025-01,Very High,False
INV0222,2025-04-12,iPhone 14,Mobile,4.0,75000,300000.0,Pune,Cash,4.7,2025-04,,True
INV0223,2025-03-09,Samsung Smart TV,Smart TV,4.0,40000,160000.0,Bangalore,Card,3.0,2025-03,,False
INV0224,2025-03-24,Samsung Smart TV,Smart TV,4.0,40000,160000.0,Bangalore,Card,4.0,2025-03,,False
INV0225,2025-02-23,HP Pavilion 15,Laptop,3.0,52000,156000.0,Mumbai,Card,3.0,2025-02,,False
INV0226,2025-04-06,Samsung Smart TV,Smart TV,2.0,40000,80000.0,Bangalore,Cash,4.4,2025-04,Very High,False
INV0227,2024-12-13,Samsung M14,Mobile,5.0,14000,70000.0,Chennai,UPI,4.1,2024-12,Very High,False
INV0228,2025-03-19,iPhone 14,Mobile,2.0,75000,150000.0,Jaipur,Cash,3.2,2025-03,,False
INV0229,2024-12-07,iPhone 14,Mobile,4.0,75000,300000.0,Delhi,UPI,4.7,2024-12,,True
INV0230,2024-12-20,Boat Smart Watch,Smart Watch,1.0,2500,2500.0,Jaipur,Wallet,3.3,2024-12,Low,False
INV0231,2025-04-04,Boat Smart Watch,Smart Watch,1.0,2500,2500.0,Delhi,Wallet,4.5,2025-04,Low,True
INV0232,2024-11-19,HP Keyboard,Accessories,2.0,1200,2400.0,Delhi,UPI,4.6,2024-11,Low,True
INV0233,2025-04-12,Apple Watch,Smart Watch,4.0,32000,128000.0,Bangalore,Wallet,4.0,2025-04,,False
INV0234,2025-05-15,Apple Watch,Smart Watch,3.0,32000,96000.0,Jaipur,Card,3.2,2025-05,Very High,False
INV0235,2025-01-30,Apple Watch,Smart Watch,5.0,32000,160000.0,Chennai,Cash,3.3,2025-01,,False
INV0236,2025-03-01,Redmi Note 12,Mobile,3.0,13000,39000.0,Kolkata,UPI,3.9,2025-03,High,False
INV0237,2025-01-12,Apple Watch,Smart Watch,4.0,32000,128000.0,Chennai,Card,4.7,2025-01,,True
INV0238,2024-11-28,Redmi Note 12,Mobile,3.0,13000,39000.0,Mumbai,UPI,3.9,2024-11,High,False
INV0239,2025-04-20,Boat Smart Watch,Smart Watch,2.0,2500,5000.0,Kolkata,Cash,3.2,2025-04,Low,False
INV0240,2025-01-29,MacBook Air,Laptop,4.0,95000,380000.0,Mumbai,Cash,3.6,2025-01,,False
INV0241,2025-02-18,Redmi Note 12,Mobile,3.0,13000,39000.0,Hyderabad,UPI,3.7,2025-02,High,False
INV0242,2025-05-01,Samsung Smart TV,Smart TV,2.0,40000,80000.0,Kolkata,Card,3.4,2025-05,Very High,False
INV0243,2025-02-20,Logitech Mouse,Accessories,3.0,700,2100.0,Bangalore,UPI,4.5,2025-02,Low,True
INV0244,2025-01-02,Redmi Note 12,Mobile,1.0,13000,13000.0,Jaipur,UPI,4.5,2025-01,Medium,True
INV0245,2025-03-18,Apple Watch,Smart Watch,3.0,32000,96000.0,Chennai,Card,3.5,2025-03,Very High,False
INV0246,2025-03-22,Boat Smart Watch,Smart Watch,1.0,2500,2500.0,Jaipur,Cash,4.5,2025-03,Low,True
INV0247,2025-04-10,MacBook Air,Laptop,5.0,95000,475000.0,Mumbai,UPI,4.2,2025-04,,False
INV0248,2024-12-14,HP Pavilion 15,Laptop,1.0,52000,52000.0,Delhi,UPI,3.3,2024-12,Very High,False
INV0249,2025-02-05,Redmi Note 12,Mobile,1.0,13000,13000.0,Pune,Wallet,4.3,2025-02,Medium,False
INV0250,2025-01-01,MacBook Air,Laptop,5.0,95000,475000.0,Kolkata,UPI,3.7,2025-01,,False
INV0251,2025-05-09,Samsung Smart TV,Smart TV,2.0,40000,80000.0,Jaipur,UPI,4.3,2025-05,Very High,False
INV0252,2024-12-10,HP Pavilion 15,Laptop,2.0,52000,104000.0,Hyderabad,Wallet,3.7,2024-12,,False
INV0253,2024-12-29,Samsung M14,Mobile,3.0,14000,42000.0,Chennai,Card,4.7,2024-12,High,True
INV0254,2025-02-18,iPhone 14,Mobile,5.0,75000,375000.0,Chennai,Cash,4.2,2025-02,,False
INV0255,2025-03-04,MacBook Air,Laptop,1.0,95000,95000.0,Hyderabad,UPI,3.5,2025-03,Very High,False
INV0256,2025-01-21,HP Keyboard,Accessories,5.0,1200,6000.0,Kolkata,UPI,3.8,2025-01,Medium,False
INV0257,2025-03-08,iPhone 14,Mobile,3.0,75000,225000.0,Kolkata,Wallet,3.7,2025-03,,False
INV0258,2024-11-28,Samsung Smart TV,Smart TV,1.0,40000,40000.0,Kolkata,Wallet,3.2,2024-11,High,False
INV0259,2024-12-26,HP Keyboard,Accessories,5.0,1200,6000.0,Kolkata,Card,5.0,2024-12,Medium,True
INV0260,2025-01-08,MacBook Air,Laptop,5.0,95000,475000.0,Hyderabad,Card,4.6,2025-01,,True
INV0261,2025-04-14,Boat Smart Watch,Smart Watch,2.0,2500,5000.0,Delhi,Wallet,3.6,2025-04,Low,False
INV0262,2025-03-13,Redmi Note 12,Mobile,4.0,13000,52000.0,Chennai,Card,4.7,2025-03,Very High,True
INV0263,2025-01-07,JBL Headphones,Accessories,4.0,2500,10000.0,Mumbai,Cash,4.8,2025-01,Medium,True
INV0264,2024-12-13,iPhone 14,Mobile,1.0,75000,75000.0,Kolkata,UPI,5.0,2024-12,Very High,True
INV0265,2025-04-22,HP Pavilion 15,Laptop,1.0,52000,52000.0,Chennai,Cash,4.3,2025-04,Very High,False
INV0266,2025-03-04,Boat Smart Watch,Smart Watch,3.0,2500,7500.0,Pune,Card,3.9,2025-03,Medium,False
INV0267,2025-05-05,HP Keyboard,Accessories,3.0,1200,3600.0,Mumbai,Card,4.7,2025-05,Low,True
INV0268,2025-01-29,Redmi Note 12,Mobile,1.0,13000,13000.0,Kolkata,UPI,4.0,2025-01,Medium,False
INV0269,2024-12-18,Dell Inspiron,Laptop,3.0,48000,144000.0,Chennai,Cash,4.5,2024-12,,True
INV0270,2025-04-30,Samsung Smart TV,Smart TV,5.0,40000,200000.0,Delhi,Card,3.2,2025-04,,False
INV0271,2025-03-14,JBL Headphones,Accessories,1.0,2500,2500.0,Delhi,Wallet,4.6,2025-03,Low,True
INV0272,2025-02-01,HP Keyboard,Accessories,5.0,1200,6000.0,Kolkata,Wallet,3.3,2025-02,Medium,False
INV0273,2025-02-02,HP Keyboard,Accessories,1.0,1200,1200.0,Pune,UPI,3.9,2025-02,Low,False
INV0274,2025-02-25,Boat Smart Watch,Smart Watch,4.0,2500,10000.0,Chennai,Card,3.3,2025-02,Medium,False
INV0275,2025-01-30,JBL Headphones,Accessories,3.0,2500,7500.0,Delhi,UPI,4.2,2025-01,Medium,False
INV0276,2024-11-21,iPhone 14,Mobile,2.0,75000,150000.0,Jaipur,Cash,3.5,2024-11,,False
INV0277,2025-05-16,iPhone 14,Mobile,1.0,75000,75000.0,Kolkata,Card,3.5,2025-05,Very High,False
INV0278,2025-03-04,Logitech Mouse,Accessories,2.0,700,1400.0,Pune,Card,4.5,2025-03,Low,True
INV0279,2025-03-15,MacBook Air,Laptop,2.0,95000,190000.0,Bangalore,Card,4.5,2025-03,,True
INV0280,2025-05-02,Apple Watch,Smart Watch,3.0,32000,96000.0,Mumbai,Card,3.5,2025-05,Very High,False
,2024-11-23,MacBook Air,Laptop,4.0,95000,380000.0,Kolkata,UPI,3.7,2024-11,,False
INV0282,2024-11-30,Samsung Smart TV,Smart TV,5.0,40000,200000.0,Kolkata,Wallet,3.0,2024-11,,False
INV0283,2025-04-11,Redmi Note 12,Mobile,2.0,13000,26000.0,Pune,Cash,3.2,2025-04,High,False
INV0284,2025-04-05,Samsung M14,Mobile,3.0,14000,42000.0,Bangalore,Wallet,4.9,2025-04,High,True
INV0285,2025-01-15,Boat Smart Watch,Smart Watch,3.0,2500,7500.0,Mumbai,Wallet,4.9,2025-01,Medium,True
INV0286,2025-02-03,JBL Headphones,Accessories,1.0,2500,2500.0,Delhi,Wallet,5.0,2025-02,Low,True
INV0287,2025-02-19,Samsung M14,Mobile,4.0,14000,56000.0,Kolkata,Card,4.5,2025-02,Very High,True
INV0288,2024-12-15,Logitech Mouse,Accessories,4.0,700,2800.0,Delhi,Cash,4.8,2024-12,Low,True
INV0289,2025-04-11,Apple Watch,Smart Watch,4.0,32000,128000.0,Jaipur,UPI,4.6,2025-04,,True
INV0290,2024-12-03,HP Pavilion 15,Laptop,1.0,52000,52000.0,Mumbai,Wallet,3.2,2024-12,Very High,False
INV0291,2025-03-10,Logitech Mouse,Accessories,5.0,700,3500.0,Pune,Wallet,4.5,2025-03,Low,True
INV0292,2025-04-21,HP Pavilion 15,Laptop,5.0,52000,260000.0,Delhi,UPI,4.3,2025-04,,False
INV0293,2024-12-31,Samsung Smart TV,Smart TV,2.0,40000,80000.0,Mumbai,UPI,3.7,2024-12,Very High,False
INV0294,2025-03-14,HP Keyboard,Accessories,5.0,1200,6000.0,Jaipur,Card,3.9,2025-03,Medium,False
INV0295,2025-03-12,Samsung M14,Mobile,3.0,14000,42000.0,Chennai,UPI,3.9,2025-03,High,False
INV0296,2024-12-30,Dell Inspiron,Laptop,2.0,48000,96000.0,Hyderabad,UPI,4.8,2024-12,Very High,True
INV0297,2025-05-05,HP Pavilion 15,Laptop,4.0,52000,208000.0,Mumbai,Wallet,3.6,2025-05,,False
INV0298,2025-04-02,Boat Smart Watch,Smart Watch,2.0,2500,5000.0,Delhi,Wallet,3.0,2025-04,Low,False
INV0299,2025-05-03,Dell Inspiron,Laptop,4.0,48000,192000.0,Pune,Wallet,4.1,2025-05,,False
INV0300,2025-01-10,Samsung M14,Mobile,5.0,14000,70000.0,Mumbai,Wallet,3.6,2025-01,Very High,False
INV0301,2024-12-31,Samsung M14,Mobile,4.0,14000,56000.0,Kolkata,Card,4.8,2024-12,Very High,True
INV0302,2025-01-30,Boat Smart Watch,Smart Watch,3.0,2500,7500.0,Mumbai,Wallet,4.6,2025-01,Medium,True
INV0303,2025-01-30,iPhone 14,Mobile,1.0,75000,75000.0,Hyderabad,Wallet,3.9,2025-01,Very High,False
INV0304,2024-11-16,Dell Inspiron,Laptop,3.0,48000,144000.0,Pune,Card,4.4,2024-11,,False
INV0305,2024-12-11,Redmi Note 12,Mobile,1.0,13000,13000.0,Kolkata,UPI,4.2,2024-12,Medium,False
INV0306,2025-02-26,Samsung Smart TV,Smart TV,5.0,40000,200000.0,Chennai,UPI,4.2,2025-02,,False
INV0307,2024-12-13,Dell Inspiron,Laptop,5.0,48000,240000.0,Chennai,Cash,3.7,2024-12,,False
INV0308,2025-02-21,Samsung M14,Mobile,1.0,14000,14000.0,Pune,UPI,3.9,2025-02,Medium,False
INV0309,2025-05-07,Boat Smart Watch,Smart Watch,5.0,2500,12500.0,Bangalore,Wallet,3.2,2025-05,Medium,False
INV0310,2024-11-27,Dell Inspiron,Laptop,2.0,48000,96000.0,Hyderabad,Cash,4.4,2024-11,Very High,False
INV0311,2024-12-18,Boat Smart Watch,Smart Watch,4.0,2500,10000.0,Mumbai,Wallet,3.5,2024-12,Medium,False
INV0312,2025-04-11,Dell Inspiron,Laptop,1.0,48000,48000.0,Hyderabad,Card,4.7,2025-04,High,True
INV0313,2024-12-02,Samsung M14,Mobile,1.0,14000,14000.0,Bangalore,Card,4.2,2024-12,Medium,False
INV0314,2024-11-23,Boat Smart Watch,Smart Watch,5.0,2500,12500.0,Hyderabad,Cash,4.0,2024-11,Medium,False
INV0315,2025-01-28,Boat Smart Watch,Smart Watch,4.0,2500,10000.0,Chennai,UPI,4.9,2025-01,Medium,True
INV0316,2024-12-27,JBL Headphones,Accessories,3.0,2500,7500.0,Bangalore,UPI,3.8,2024-12,Medium,False
INV0317,2024-12-09,iPhone 14,Mobile,1.0,75000,75000.0,Kolkata,Card,4.4,2024-12,Very High,False
INV0318,2025-03-18,Samsung M14,Mobile,5.0,14000,70000.0,Chennai,UPI,3.7,2025-03,Very High,False
INV0319,2025-02-28,Dell Inspiron,Laptop,3.0,48000,144000.0,Mumbai,Cash,3.1,2025-02,,False
INV0320,2025-03-17,Samsung Smart TV,Smart TV,5.0,40000,200000.0,Mumbai,,4.8,2025-03,,True
INV0321,2024-11-21,JBL Headphones,Accessories,2.0,2500,5000.0,Bangalore,Cash,3.7,2024-11,Low,False
INV0322,2025-04-04,Boat Smart Watch,Smart Watch,2.0,2500,5000.0,Mumbai,Cash,3.6,2025-04,Low,False
INV0323,2025-04-23,Apple Watch,Smart Watch,3.0,32000,96000.0,Delhi,UPI,3.6,2025-04,Very High,False
INV0324,2025-04-01,iPhone 14,Mobile,2.0,75000,150000.0,Bangalore,UPI,4.7,2025-04,,True
INV0325,2025-03-14,Dell Inspiron,Laptop,2.0,48000,96000.0,Mumbai,UPI,3.2,2025-03,Very High,False
INV0326,2024-11-23,Boat Smart Watch,Smart Watch,2.0,2500,5000.0,Jaipur,UPI,4.7,2024-11,Low,True
INV0327,2025-04-24,Logitech Mouse,Accessories,1.0,700,700.0,Jaipur,UPI,3.2,2025-04,Low,False
INV0328,2025-05-08,iPhone 14,Mobile,5.0,75000,375000.0,Delhi,Cash,3.8,2025-05,,False
INV0329,2025-02-10,HP Keyboard,Accessories,1.0,1200,1200.0,Kolkata,Card,4.7,2025-02,Low,True
INV0330,2025-02-15,HP Pavilion 15,Laptop,3.0,52000,156000.0,Delhi,Cash,4.2,2025-02,,False
INV0331,2025-02-27,iPhone 14,Mobile,2.0,75000,150000.0,Jaipur,Wallet,3.3,2025-02,,False
INV0332,2025-04-29,MacBook Air,Laptop,1.0,95000,95000.0,Kolkata,Card,4.2,2025-04,Very High,False
INV0333,2025-01-10,iPhone 14,Mobile,5.0,75000,375000.0,Kolkata,Cash,4.3,2025-01,,False
INV0334,2025-03-01,Apple Watch,Smart Watch,5.0,32000,160000.0,Hyderabad,UPI,3.9,2025-03,,False
INV0335,2025-03-23,Samsung M14,Mobile,2.0,14000,28000.0,Pune,Card,3.0,2025-03,High,False
INV0336,2025-05-07,HP Keyboard,Accessories,4.0,1200,4800.0,Chennai,Cash,3.6,2025-05,Low,False
INV0337,2024-11-30,Apple Watch,Smart Watch,2.0,32000,64000.0,Delhi,Cash,3.1,2024-11,Very High,False
INV0338,2024-12-27,Apple Watch,Smart Watch,4.0,32000,128000.0,Kolkata,Cash,3.3,2024-12,,False
INV0339,2025-03-13,HP Keyboard,Accessories,5.0,1200,6000.0,Mumbai,Cash,4.3,2025-03,Medium,False
INV0340,2025-02-02,HP Pavilion 15,Laptop,1.0,52000,52000.0,Chennai,Wallet,3.1,2025-02,Very High,False
INV0341,2025-05-01,Samsung M14,Mobile,2.0,14000,28000.0,Hyderabad,Card,4.2,2025-05,High,False
INV0342,2025-03-30,Samsung Smart TV,Smart TV,4.0,40000,160000.0,Pune,Cash,3.7,2025-03,,False
INV0343,2025-02-27,iPhone 14,Mobile,2.0,75000,150000.0,Hyderabad,Cash,4.8,2025-02,,True
INV0344,2024-12-27,HP Keyboard,Accessories,3.0,1200,3600.0,Delhi,Wallet,3.5,2024-12,Low,False
INV0345,2025-01-07,HP Pavilion 15,Laptop,4.0,52000,208000.0,Mumbai,Card,3.1,2025-01,,False
INV0346,2025-02-16,Redmi Note 12,Mobile,1.0,13000,13000.0,Delhi,Wallet,4.8,2025-02,Medium,True
INV0347,2024-12-29,HP Pavilion 15,Laptop,1.0,52000,52000.0,Delhi,Card,4.0,2024-12,Very High,False
INV0348,2025-01-16,Dell Inspiron,Laptop,1.0,48000,48000.0,Pune,Cash,4.7,2025-01,High,True
INV0349,2025-01-23,Samsung Smart TV,Smart TV,1.0,40000,40000.0,Pune,Card,4.3,2025-01,High,False
INV0350,2024-12-19,HP Pavilion 15,Laptop,1.0,52000,52000.0,Bangalore,Card,3.8,2024-12,Very High,False
INV0351,2025-01-02,Apple Watch,Smart Watch,4.0,32000,128000.0,Delhi,UPI,4.9,2025-01,,True
INV0352,2025-02-13,Logitech Mouse,Accessories,2.0,700,1400.0,Hyderabad,Cash,3.5,2025-02,Low,False
INV0353,2025-01-24,Dell Inspiron,Laptop,3.0,48000,144000.0,Delhi,Cash,4.8,2025-01,,True
INV0354,2025-04-15,Apple Watch,Smart Watch,1.0,32000,32000.0,Delhi,Card,3.4,2025-04,High,False
INV0355,2025-02-23,HP Keyboard,Accessories,1.0,1200,1200.0,Pune,Cash,4.8,2025-02,Low,True
INV0356,2024-12-13,Dell Inspiron,Laptop,5.0,48000,240000.0,Pune,UPI,3.0,2024-12,,False
INV0357,2025-03-05,Apple Watch,Smart Watch,4.0,32000,128000.0,Mumbai,Cash,3.6,2025-03,,False
INV0358,2025-01-31,Boat Smart Watch,Smart Watch,1.0,2500,2500.0,Hyderabad,Card,4.7,2025-01,Low,True
INV0359,2025-02-20,HP Keyboard,Accessories,5.0,1200,6000.0,Mumbai,Cash,4.3,2025-02,Medium,False
INV0360,2024-11-18,Dell Inspiron,Laptop,1.0,48000,48000.0,Mumbai,UPI,4.8,2024-11,High,True
INV0361,2025-05-16,iPhone 14,Mobile,2.0,75000,150000.0,Bangalore,Cash,4.6,2025-05,,True
INV0362,2024-11-28,MacBook Air,Laptop,4.0,95000,380000.0,Delhi,UPI,4.7,2024-11,,True
INV0363,2025-01-05,JBL Headphones,Accessories,2.0,2500,5000.0,Bangalore,UPI,4.6,2025-01,Low,True
INV0364,2025-02-23,Boat Smart Watch,Smart Watch,2.0,2500,5000.0,Chennai,Card,3.6,2025-02,Low,False
INV0365,2024-12-01,HP Pavilion 15,Laptop,3.0,52000,156000.0,Jaipur,UPI,3.3,2024-12,,False
INV0366,2025-04-02,iPhone 14,Mobile,1.0,75000,75000.0,Bangalore,Cash,3.3,2025-04,Very High,False
INV0367,2025-03-15,HP Pavilion 15,Laptop,4.0,52000,208000.0,Bangalore,UPI,3.7,2025-03,,False
INV0368,2025-02-08,Dell Inspiron,Laptop,1.0,48000,48000.0,Mumbai,UPI,3.0,2025-02,High,False
INV0369,2024-12-23,Redmi Note 12,Mobile,1.0,13000,13000.0,Mumbai,Wallet,4.4,2024-12,Medium,False
INV0370,2025-03-11,HP Pavilion 15,Laptop,3.0,52000,156000.0,Hyderabad,Cash,4.3,2025-03,,False
INV0371,2025-01-29,Samsung M14,Mobile,3.0,14000,42000.0,Delhi,Cash,4.9,2025-01,High,True
INV0372,2025-02-26,Samsung Smart TV,Smart TV,3.0,40000,120000.0,Bangalore,Cash,3.1,2025-02,,False
INV0373,2025-02-04,Apple Watch,Smart Watch,3.0,32000,96000.0,Kolkata,Cash,3.7,2025-02,Very High,False
INV0374,2025-02-09,Apple Watch,Smart Watch,5.0,32000,160000.0,Bangalore,Card,3.5,2025-02,,False
INV0375,2025-03-09,iPhone 14,Mobile,1.0,75000,75000.0,Mumbai,Card,3.4,2025-03,Very High,False
INV0376,2025-03-07,JBL Headphones,Accessories,5.0,2500,12500.0,Chennai,UPI,4.9,2025-03,Medium,True
INV0377,2024-12-25,HP Keyboard,Accessories,2.0,1200,2400.0,Chennai,Cash,3.5,2024-12,Low,False
INV0378,2025-02-13,Samsung Smart TV,Smart TV,3.0,40000,120000.0,Chennai,Card,4.9,2025-02,,True
INV0379,2025-01-06,Dell Inspiron,Laptop,2.0,48000,96000.0,Chennai,UPI,4.2,2025-01,Very High,False
INV0380,2025-02-28,HP Keyboard,Accessories,1.0,1200,1200.0,Chennai,Wallet,4.9,2025-02,Low,True
INV0381,2024-12-09,Logitech Mouse,Accessories,2.0,700,1400.0,Hyderabad,Card,3.1,2024-12,Low,False
INV0382,2024-12-19,JBL Headphones,Accessories,3.0,2500,7500.0,Chennai,Cash,4.0,2024-12,Medium,False
INV0383,2024-12-19,Samsung Smart TV,Smart TV,1.0,40000,40000.0,Kolkata,UPI,3.4,2024-12,High,False
INV0384,2024-12-17,JBL Headphones,Accessories,3.0,2500,7500.0,Kolkata,Wallet,3.3,2024-12,Medium,False
INV0385,2025-05-15,Apple Watch,Smart Watch,3.0,32000,96000.0,Hyderabad,UPI,3.7,2025-05,Very High,False
INV0386,2025-02-24,iPhone 14,Mobile,4.0,75000,300000.0,Bangalore,Cash,3.5,2025-02,,False
INV0387,2025-02-22,Logitech Mouse,Accessories,3.0,700,2100.0,Kolkata,Cash,4.0,2025-02,Low,False
INV0388,2024-12-25,JBL Headphones,Accessories,5.0,2500,12500.0,Mumbai,UPI,3.5,2024-12,Medium,False
INV0389,2025-04-25,HP Keyboard,Accessories,4.0,1200,4800.0,Chennai,UPI,3.6,2025-04,Low,False
INV0390,2025-04-05,Apple Watch,Smart Watch,4.0,32000,128000.0,Bangalore,Card,3.8,2025-04,,False
INV0391,2025-01-24,Boat Smart Watch,Smart Watch,2.0,2500,5000.0,Jaipur,UPI,4.6,2025-01,Low,True
INV0392,2025-03-21,JBL Headphones,Accessories,2.0,2500,5000.0,Hyderabad,Cash,4.1,2025-03,Low,False
INV0393,2025-02-12,Dell Inspiron,Laptop,2.0,48000,96000.0,Mumbai,Card,3.1,2025-02,Very High,False
INV0394,2025-05-13,MacBook Air,Laptop,5.0,95000,475000.0,Pune,Cash,4.8,2025-05,,True
INV0395,2025-01-28,Redmi Note 12,Mobile,5.0,13000,65000.0,Hyderabad,Cash,3.8,2025-01,Very High,False
INV0396,2025-02-09,Samsung Smart TV,Smart TV,4.0,40000,160000.0,Bangalore,UPI,4.4,2025-02,,False
INV0397,2024-11-17,Dell Inspiron,Laptop,1.0,48000,48000.0,Bangalore,UPI,3.9,2024-11,High,False
INV0398,2025-03-05,Boat Smart Watch,Smart Watch,2.0,2500,5000.0,Mumbai,Wallet,4.8,2025-03,Low,True
INV0399,2025-03-01,HP Keyboard,Accessories,3.0,1200,3600.0,Delhi,Cash,4.9,2025-03,Low,True
INV0400,2025-03-25,JBL Headphones,Accessories,1.0,2500,2500.0,Kolkata,Cash,4.2,2025-03,Low,False
INV0401,2024-12-28,Dell Inspiron,Laptop,1.0,48000,48000.0,Jaipur,Wallet,4.0,2024-12,High,False
INV0402,2024-11-30,Samsung Smart TV,Smart TV,5.0,40000,200000.0,Delhi,Wallet,4.3,2024-11,,False
INV0403,2025-04-08,JBL Headphones,Accessories,5.0,2500,12500.0,Hyderabad,Cash,3.5,2025-04,Medium,False
INV0404,2025-03-16,Redmi Note 12,Mobile,1.0,13000,13000.0,Delhi,UPI,3.6,2025-03,Medium,False
INV0405,2025-02-02,iPhone 14,Mobile,3.0,75000,225000.0,Mumbai,Cash,4.1,2025-02,,False
INV0406,2025-02-12,HP Pavilion 15,Laptop,5.0,52000,260000.0,Chennai,UPI,3.2,2025-02,,False
INV0407,2024-12-02,Dell Inspiron,Laptop,5.0,48000,240000.0,Bangalore,Cash,3.5,2024-12,,False
INV0408,2025-02-25,Boat Smart Watch,Smart Watch,1.0,2500,2500.0,Delhi,Card,3.3,2025-02,Low,False
INV0409,2025-03-13,HP Keyboard,Accessories,5.0,1200,6000.0,Pune,Cash,3.7,2025-03,Medium,False
INV0410,2024-12-12,Samsung M14,Mobile,3.0,14000,42000.0,Mumbai,Card,3.5,2024-12,High,False
INV0411,2025-04-01,Boat Smart Watch,Smart Watch,3.0,2500,7500.0,Mumbai,Wallet,4.2,2025-04,Medium,False
INV0412,,Samsung Smart TV,Smart TV,4.0,40000,160000.0,Delhi,Wallet,4.5,NaT,,True
INV0413,2025-05-14,JBL Headphones,Accessories,2.0,2500,5000.0,Bangalore,Card,4.7,2025-05,Low,True
INV0414,2025-01-05,MacBook Air,Laptop,5.0,95000,475000.0,Delhi,Cash,3.3,2025-01,,False
INV0415,2025-03-19,iPhone 14,Mobile,3.0,75000,225000.0,Chennai,Cash,4.1,2025-03,,False
INV0416,2024-12-12,JBL Headphones,Accessories,2.0,2500,5000.0,Bangalore,UPI,3.7,2024-12,Low,False
INV0417,2025-04-14,iPhone 14,Mobile,2.0,75000,150000.0,Chennai,Cash,3.1,2025-04,,False
INV0418,2025-03-25,Samsung M14,Mobile,5.0,14000,70000.0,Kolkata,Wallet,3.2,2025-03,Very High,False
INV0419,2025-02-19,Redmi Note 12,Mobile,4.0,13000,52000.0,Pune,Cash,3.9,2025-02,Very High,False
INV0420,2025-05-02,iPhone 14,Mobile,4.0,75000,300000.0,Hyderabad,Wallet,3.8,2025-05,,False
INV0421,2024-12-15,Dell Inspiron,Laptop,3.0,48000,144000.0,Bangalore,UPI,4.1,2024-12,,False
INV0422,2024-12-25,Apple Watch,Smart Watch,4.0,32000,128000.0,Kolkata,,4.8,2024-12,,True
INV0423,2024-12-02,Boat Smart Watch,Smart Watch,3.0,2500,7500.0,Pune,UPI,4.4,2024-12,Medium,False
INV0424,2025-02-08,HP Pavilion 15,Laptop,1.0,52000,52000.0,Jaipur,Cash,4.6,2025-02,Very High,True
INV0425,2025-05-10,Boat Smart Watch,Smart Watch,1.0,2500,2500.0,Pune,Wallet,3.8,2025-05,Low,False
INV0426,2025-01-02,Samsung M14,Mobile,2.0,14000,28000.0,Mumbai,,3.1,2025-01,High,False
INV0427,2024-12-13,Samsung Smart TV,Smart TV,4.0,40000,160000.0,Hyderabad,Card,3.7,2024-12,,False
INV0428,2025-02-25,HP Pavilion 15,Laptop,3.0,52000,156000.0,Hyderabad,Wallet,3.9,2025-02,,False
INV0429,2025-03-10,Samsung M14,Mobile,4.0,14000,56000.0,Mumbai,UPI,3.5,2025-03,Very High,False
INV0430,2025-03-06,Samsung Smart TV,Smart TV,3.0,40000,120000.0,Bangalore,Card,4.4,2025-03,,False
INV0431,2025-01-04,Logitech Mouse,Accessories,3.0,700,2100.0,Delhi,Card,3.5,2025-01,Low,False
INV0432,2025-02-10,MacBook Air,Laptop,1.0,95000,95000.0,Chennai,Cash,3.5,2025-02,Very High,False
INV0433,2025-02-26,Dell Inspiron,Laptop,2.0,48000,96000.0,Hyderabad,UPI,4.9,2025-02,Very High,True
INV0434,2025-02-10,HP Keyboard,Accessories,1.0,1200,1200.0,Delhi,Wallet,3.5,2025-02,Low,False
INV0435,2024-11-20,iPhone 14,Mobile,2.0,75000,150000.0,Jaipur,Cash,4.8,2024-11,,True
INV0436,2025-03-04,Apple Watch,Smart Watch,4.0,32000,128000.0,Delhi,UPI,3.6,2025-03,,False
INV0437,2024-12-19,MacBook Air,Laptop,5.0,95000,475000.0,Hyderabad,UPI,4.9,2024-12,,True
INV0438,2024-11-25,HP Pavilion 15,Laptop,5.0,52000,260000.0,Mumbai,Cash,3.3,2024-11,,False
INV0439,2024-11-30,HP Keyboard,Accessories,2.0,1200,2400.0,Jaipur,UPI,4.2,2024-11,Low,False
INV0440,2025-05-15,Samsung Smart TV,Smart TV,2.0,40000,80000.0,Hyderabad,Card,4.8,2025-05,Very High,True
INV0441,2025-04-22,Dell Inspiron,Laptop,2.0,48000,96000.0,Kolkata,Wallet,3.1,2025-04,Very High,False
INV0442,2025-02-04,JBL Headphones,Accessories,5.0,2500,12500.0,Delhi,UPI,3.6,2025-02,Medium,False
INV0443,2024-12-15,iPhone 14,Mobile,4.0,75000,300000.0,Bangalore,Card,3.7,2024-12,,False
INV0444,2024-12-15,Samsung M14,Mobile,1.0,14000,14000.0,Hyderabad,Card,4.0,2024-12,Medium,False
INV0445,2025-03-16,Logitech Mouse,Accessories,5.0,700,3500.0,Jaipur,Card,3.5,2025-03,Low,False
INV0446,2025-03-22,MacBook Air,Laptop,2.0,95000,190000.0,Pune,UPI,3.9,2025-03,,False
INV0447,2024-11-28,JBL Headphones,Accessories,4.0,2500,10000.0,Chennai,Cash,4.2,2024-11,Medium,False
INV0448,2025-03-25,Logitech Mouse,Accessories,1.0,700,700.0,Chennai,Wallet,3.6,2025-03,Low,False
INV0449,2024-12-23,Apple Watch,Smart Watch,1.0,32000,32000.0,Hyderabad,Card,4.2,2024-12,High,False
INV0450,2025-04-13,HP Keyboard,Accessories,3.0,1200,3600.0,Pune,Wallet,4.8,2025-04,Low,True
INV0451,2025-03-29,Boat Smart Watch,Smart Watch,1.0,2500,2500.0,Kolkata,Card,3.0,2025-03,Low,False
INV0452,2025-03-14,Logitech Mouse,Accessories,5.0,700,3500.0,Bangalore,UPI,4.6,2025-03,Low,True
INV0453,2024-12-21,HP Pavilion 15,Laptop,2.0,52000,104000.0,Hyderabad,Wallet,3.6,2024-12,,False
INV0454,2025-04-14,HP Pavilion 15,Laptop,4.0,52000,208000.0,Mumbai,Wallet,3.3,2025-04,,False
INV0455,2025-03-13,Apple Watch,Smart Watch,5.0,32000,160000.0,Kolkata,Card,3.1,2025-03,,False
INV0456,2025-04-05,HP Pavilion 15,Laptop,3.0,52000,156000.0,Pune,UPI,4.1,2025-04,,False
INV0457,2025-03-10,Logitech Mouse,Accessories,2.0,700,1400.0,Kolkata,Wallet,4.7,2025-03,Low,True
INV0458,2025-03-13,iPhone 14,Mobile,2.0,75000,150000.0,Chennai,Card,4.3,2025-03,,False
INV0459,2024-12-31,Redmi Note 12,Mobile,2.0,13000,26000.0,Hyderabad,Wallet,3.5,2024-12,High,False
INV0460,2025-04-07,JBL Headphones,Accessories,1.0,2500,2500.0,Pune,UPI,3.9,2025-04,Low,False
INV0461,2025-03-18,Samsung M14,Mobile,3.0,14000,42000.0,Pune,Card,4.9,2025-03,High,True
INV0462,2025-05-15,Dell Inspiron,Laptop,3.0,48000,144000.0,Bangalore,UPI,4.2,2025-05,,False
INV0463,2025-03-10,HP Pavilion 15,Laptop,3.0,52000,156000.0,Jaipur,Card,4.7,2025-03,,True
INV0464,2024-11-28,iPhone 14,Mobile,5.0,75000,375000.0,Mumbai,Wallet,3.4,2024-11,,False
INV0465,2025-01-26,JBL Headphones,Accessories,2.0,2500,5000.0,Jaipur,UPI,3.4,2025-01,Low,False
INV0466,2025-01-23,HP Keyboard,Accessories,3.0,1200,3600.0,Hyderabad,Wallet,3.3,2025-01,Low,False
INV0467,2025-03-27,MacBook Air,Laptop,3.0,95000,285000.0,Bangalore,Wallet,3.9,2025-03,,False
INV0468,2025-02-21,Dell Inspiron,Laptop,1.0,48000,48000.0,Delhi,Card,4.8,2025-02,High,True
INV0469,2025-03-01,Apple Watch,Smart Watch,1.0,32000,32000.0,Bangalore,UPI,4.6,2025-03,High,True
INV0470,2025-01-24,MacBook Air,Laptop,5.0,95000,475000.0,Bangalore,UPI,3.7,2025-01,,False
INV0471,2024-12-31,HP Pavilion 15,Laptop,4.0,52000,208000.0,Kolkata,Cash,3.6,2024-12,,False
INV0472,2024-12-12,Logitech Mouse,Accessories,2.0,700,1400.0,Kolkata,Wallet,4.4,2024-12,Low,False
INV0473,2025-01-11,HP Pavilion 15,Laptop,1.0,52000,52000.0,Kolkata,UPI,4.5,2025-01,Very High,True
INV0474,2025-02-27,Samsung M14,Mobile,4.0,14000,56000.0,Chennai,Card,4.8,2025-02,Very High,True
INV0475,2025-03-09,JBL Headphones,Accessories,1.0,2500,2500.0,Hyderabad,Wallet,3.5,2025-03,Low,False
INV0476,2025-04-05,HP Pavilion 15,Laptop,5.0,52000,260000.0,Hyderabad,UPI,3.4,2025-04,,False
INV0477,2025-05-11,Logitech Mouse,Accessories,2.0,700,1400.0,Pune,Cash,3.0,2025-05,Low,False
INV0478,2024-12-29,Apple Watch,Smart Watch,1.0,32000,32000.0,Mumbai,Card,3.2,2024-12,High,False
INV0479,2025-04-06,iPhone 14,Mobile,1.0,75000,75000.0,Chennai,UPI,3.6,2025-04,Very High,False
INV0480,2025-05-15,Samsung M14,Mobile,1.0,14000,14000.0,Mumbai,UPI,3.9,2025-05,Medium,False
INV0481,2025-03-26,Logitech Mouse,Accessories,5.0,700,3500.0,Jaipur,Wallet,4.0,2025-03,Low,False
INV0482,2025-02-25,Dell Inspiron,Laptop,1.0,48000,48000.0,Delhi,Cash,4.7,2025-02,High,True
INV0483,2025-04-07,Boat Smart Watch,Smart Watch,5.0,2500,12500.0,Jaipur,UPI,3.5,2025-04,Medium,False
INV0484,2024-12-14,HP Keyboard,Accessories,3.0,1200,3600.0,Chennai,UPI,3.7,2024-12,Low,False
INV0485,2025-02-26,Apple Watch,Smart Watch,5.0,32000,160000.0,Pune,Card,4.2,2025-02,,False
INV0486,2024-11-25,MacBook Air,Laptop,1.0,95000,95000.0,Mumbai,Cash,4.8,2024-11,Very High,True
INV0487,2025-05-16,Samsung M14,Mobile,2.0,14000,28000.0,Jaipur,UPI,4.9,2025-05,High,True
INV0488,2025-03-08,HP Keyboard,Accessories,5.0,1200,6000.0,Mumbai,Wallet,3.7,2025-03,Medium,False
INV0489,2025-04-12,Boat Smart Watch,Smart Watch,1.0,2500,2500.0,Mumbai,Card,4.4,2025-04,Low,False
INV0490,2025-01-15,iPhone 14,Mobile,5.0,75000,375000.0,Mumbai,UPI,3.6,2025-01,,False
INV0491,2024-12-25,Boat Smart Watch,Smart Watch,5.0,2500,12500.0,Jaipur,Cash,4.3,2024-12,Medium,False
INV0492,2025-03-01,Logitech Mouse,Accessories,4.0,700,2800.0,Kolkata,Card,4.4,2025-03,Low,False
INV0493,2025-05-17,Dell Inspiron,Laptop,1.0,48000,48000.0,Bangalore,Wallet,3.8,2025-05,High,False
INV0494,2025-03-23,MacBook Air,Laptop,1.0,95000,95000.0,Jaipur,Card,3.2,2025-03,Very High,False
INV0495,2025-04-14,MacBook Air,Laptop,3.0,95000,285000.0,Delhi,Cash,4.1,2025-04,,False
INV0496,2025-04-16,Redmi Note 12,Mobile,2.0,13000,26000.0,Kolkata,Wallet,3.2,2025-04,High,False
INV0497,2025-05-02,HP Pavilion 15,Laptop,2.0,52000,104000.0,Delhi,Card,3.2,2025-05,,False
INV0498,2024-12-13,JBL Headphones,Accessories,2.0,2500,5000.0,Bangalore,UPI,3.2,2024-12,Low,False
INV0499,2025-03-01,MacBook Air,Laptop,2.0,95000,190000.0,Hyderabad,UPI,3.9,2025-03,,False
INV0500,2025-02-01,Boat Smart Watch,Smart Watch,2.0,2500,5000.0,Bangalore,UPI,3.9,2025-02,Low,False
INV0501,2025-03-15,HP Keyboard,Accessories,3.0,1200,3600.0,Kolkata,UPI,3.9,2025-03,Low,False
INV0502,2024-12-08,Logitech Mouse,Accessories,1.0,700,700.0,Mumbai,Wallet,4.3,2024-12,Low,False
INV0503,2025-03-26,JBL Headphones,Accessories,3.0,2500,7500.0,Kolkata,UPI,3.8,2025-03,Medium,False
INV0504,2024-11-28,Redmi Note 12,Mobile,3.0,13000,39000.0,Mumbai,Card,3.5,2024-11,High,False
INV0505,2025-05-08,Samsung Smart TV,Smart TV,5.0,40000,200000.0,Chennai,Wallet,5.0,2025-05,,True
INV0506,2025-04-17,Samsung Smart TV,Smart TV,1.0,40000,40000.0,Pune,Cash,4.9,2025-04,High,True
INV0507,2025-04-21,HP Keyboard,Accessories,1.0,1200,1200.0,Kolkata,Cash,4.6,2025-04,Low,True
INV0508,2025-01-01,Samsung M14,Mobile,2.0,14000,28000.0,Delhi,Cash,4.6,2025-01,High,True
INV0509,2025-02-16,Samsung Smart TV,Smart TV,3.0,40000,120000.0,Hyderabad,Card,4.3,2025-02,,False
INV0510,2025-03-03,Dell Inspiron,Laptop,3.0,48000,144000.0,Delhi,UPI,4.5,2025-03,,True
INV0511,2025-04-03,Apple Watch,Smart Watch,3.0,32000,96000.0,Chennai,Cash,4.2,2025-04,Very High,False
INV0512,2025-03-19,HP Pavilion 15,Laptop,3.0,52000,156000.0,Chennai,UPI,4.1,2025-03,,False
INV0513,2025-05-17,iPhone 14,Mobile,3.0,75000,225000.0,Jaipur,UPI,4.4,2025-05,,False
INV0514,2025-01-28,Samsung M14,Mobile,1.0,14000,14000.0,,Card,4.0,2025-01,Medium,False
INV0515,2025-02-17,MacBook Air,Laptop,5.0,95000,475000.0,Hyderabad,Cash,4.2,2025-02,,False
INV0516,2024-12-18,Samsung Smart TV,Smart TV,4.0,40000,160000.0,Jaipur,Wallet,3.7,2024-12,,False
INV0517,2025-04-25,MacBook Air,Laptop,5.0,95000,475000.0,Bangalore,Card,3.5,2025-04,,False
INV0518,2024-11-23,Samsung Smart TV,Smart TV,4.0,40000,160000.0,Mumbai,Wallet,5.0,2024-11,,True
INV0519,2025-02-24,Samsung Smart TV,Smart TV,2.0,40000,80000.0,Bangalore,Cash,4.9,2025-02,Very High,True
INV0520,2024-12-03,JBL Headphones,Accessories,4.0,2500,10000.0,Delhi,UPI,5.0,2024-12,Medium,True
INV0521,2024-12-16,Logitech Mouse,Accessories,2.0,700,1400.0,Hyderabad,Cash,3.2,2024-12,Low,False
INV0522,2024-12-11,Boat Smart Watch,Smart Watch,2.0,2500,5000.0,Kolkata,,4.2,2024-12,Low,False
INV0523,2025-01-11,Logitech Mouse,Accessories,1.0,700,700.0,Mumbai,Card,3.6,2025-01,Low,False
INV0524,2024-11-27,JBL Headphones,Accessories,2.0,2500,5000.0,Mumbai,UPI,3.7,2024-11,Low,False
INV0525,2025-01-23,Apple Watch,Smart Watch,5.0,32000,160000.0,Delhi,Card,3.6,2025-01,,False
INV0526,2025-02-02,iPhone 14,Mobile,3.0,75000,225000.0,Kolkata,UPI,4.2,2025-02,,False
INV0527,2025-03-01,Apple Watch,Smart Watch,1.0,32000,32000.0,Mumbai,UPI,3.1,2025-03,High,False
INV0528,2025-02-21,Logitech Mouse,Accessories,1.0,700,700.0,Delhi,Wallet,4.6,2025-02,Low,True
INV0529,2025-04-08,HP Pavilion 15,Laptop,1.0,52000,52000.0,Mumbai,Wallet,4.5,2025-04,Very High,True
INV0530,2025-05-12,JBL Headphones,Accessories,4.0,2500,10000.0,Kolkata,Card,4.0,2025-05,Medium,False
INV0531,2025-01-19,JBL Headphones,Accessories,1.0,2500,2500.0,Chennai,Card,4.8,2025-01,Low,True
INV0532,2025-03-30,Boat Smart Watch,Smart Watch,5.0,2500,12500.0,Delhi,Cash,4.7,2025-03,Medium,True
INV0533,2025-04-10,MacBook Air,Laptop,2.0,95000,190000.0,Bangalore,UPI,4.5,2025-04,,True
INV0534,2025-02-27,JBL Headphones,Accessories,2.0,2500,5000.0,Mumbai,Cash,5.0,2025-02,Low,True
INV0535,2024-12-22,HP Keyboard,Accessories,5.0,1200,6000.0,Bangalore,Cash,4.1,2024-12,Medium,False
INV0536,2025-04-12,HP Keyboard,Accessories,3.0,1200,3600.0,Hyderabad,UPI,3.7,2025-04,Low,False
INV0537,2025-02-04,Samsung Smart TV,Smart TV,3.0,40000,120000.0,Mumbai,Card,3.4,2025-02,,False
INV0538,2025-02-28,MacBook Air,Laptop,5.0,95000,475000.0,Pune,Wallet,4.3,2025-02,,False
INV0539,2024-12-02,Redmi Note 12,Mobile,4.0,13000,52000.0,Mumbai,Wallet,4.2,2024-12,Very High,False
INV0540,2024-11-27,JBL Headphones,Accessories,5.0,2500,12500.0,Pune,Wallet,3.4,2024-11,Medium,False
INV0541,2025-05-15,Boat Smart Watch,Smart Watch,2.0,2500,5000.0,Chennai,Wallet,3.6,2025-05,Low,False
INV0542,2025-02-06,MacBook Air,Laptop,1.0,95000,95000.0,Mumbai,Card,4.0,2025-02,Very High,False
INV0543,2024-12-19,HP Pavilion 15,Laptop,3.0,52000,156000.0,Pune,Cash,3.1,2024-12,,False
INV0544,2025-03-01,Dell Inspiron,Laptop,5.0,48000,240000.0,Bangalore,Card,3.2,2025-03,,False
INV0545,2025-03-26,HP Keyboard,Accessories,4.0,1200,4800.0,Pune,Card,4.9,2025-03,Low,True
INV0546,2025-03-07,JBL Headphones,Accessories,2.0,2500,5000.0,Kolkata,Cash,3.5,2025-03,Low,False
INV0547,2025-04-11,Samsung M14,Mobile,5.0,14000,70000.0,Chennai,UPI,4.3,2025-04,Very High,False
INV0548,2025-01-19,HP Keyboard,Accessories,5.0,1200,6000.0,Kolkata,UPI,4.5,2025-01,Medium,True
INV0549,2025-05-02,iPhone 14,Mobile,5.0,75000,375000.0,Chennai,Wallet,3.2,2025-05,,False
INV0550,2024-11-25,HP Keyboard,Accessories,1.0,1200,1200.0,Delhi,Card,3.5,2024-11,Low,False
INV0551,2025-02-05,iPhone 14,Mobile,2.0,75000,150000.0,Delhi,Cash,3.5,2025-02,,False
INV0552,2025-01-27,Boat Smart Watch,Smart Watch,2.0,2500,5000.0,Delhi,Card,3.3,2025-01,Low,False
INV0553,2024-12-27,Redmi Note 12,Mobile,1.0,13000,13000.0,Hyderabad,Cash,4.4,2024-12,Medium,False
INV0554,2024-12-09,iPhone 14,Mobile,2.0,75000,150000.0,Delhi,Card,4.2,2024-12,,False
INV0555,2025-01-09,Redmi Note 12,Mobile,3.0,13000,39000.0,Pune,Card,4.5,2025-01,High,True
INV0556,2025-01-19,HP Pavilion 15,Laptop,3.0,52000,156000.0,Hyderabad,Wallet,3.3,2025-01,,False
INV0557,2025-05-14,iPhone 14,Mobile,3.0,75000,225000.0,Kolkata,Wallet,3.1,2025-05,,False
INV0558,2025-01-01,Logitech Mouse,Accessories,4.0,700,2800.0,Bangalore,UPI,3.9,2025-01,Low,False
INV0559,2025-01-31,Apple Watch,Smart Watch,1.0,32000,32000.0,Hyderabad,Card,4.8,2025-01,High,True
INV0560,2024-12-07,Apple Watch,Smart Watch,2.0,32000,64000.0,Hyderabad,Card,3.5,2024-12,Very High,False
INV0561,2025-01-28,Dell Inspiron,Laptop,5.0,48000,240000.0,Hyderabad,UPI,3.2,2025-01,,False
INV0562,2024-12-21,Boat Smart Watch,Smart Watch,4.0,2500,10000.0,Delhi,Card,3.5,2024-12,Medium,False
INV0563,2025-04-08,iPhone 14,Mobile,4.0,75000,300000.0,Jaipur,UPI,4.8,2025-04,,True
INV0564,2025-04-12,Redmi Note 12,Mobile,2.0,13000,26000.0,Hyderabad,UPI,3.8,2025-04,High,False
INV0565,2024-11-27,Dell Inspiron,Laptop,5.0,48000,240000.0,Bangalore,Wallet,3.4,2024-11,,False
INV0566,2024-12-16,iPhone 14,Mobile,1.0,75000,75000.0,Hyderabad,Wallet,4.8,2024-12,Very High,True
INV0567,2025-03-07,Samsung Smart TV,Smart TV,3.0,40000,120000.0,Mumbai,UPI,4.0,2025-03,,False
INV0568,2024-12-03,Boat Smart Watch,Smart Watch,4.0,2500,10000.0,Bangalore,Cash,3.7,2024-12,Medium,False
INV0569,2025-03-14,HP Keyboard,Accessories,3.0,1200,3600.0,Chennai,Wallet,3.2,2025-03,Low,False
INV0570,2025-05-17,Samsung Smart TV,Smart TV,3.0,40000,120000.0,Chennai,Wallet,4.3,2025-05,,False
INV0571,2024-12-10,HP Pavilion 15,Laptop,1.0,52000,52000.0,Kolkata,Card,3.4,2024-12,Very High,False
INV0572,2025-02-25,Apple Watch,Smart Watch,3.0,32000,96000.0,Chennai,Wallet,3.0,2025-02,Very High,False
INV0573,2024-12-16,Samsung Smart TV,Smart TV,1.0,40000,40000.0,Delhi,Card,4.1,2024-12,High,False
INV0574,2025-04-09,Samsung M14,Mobile,1.0,14000,14000.0,Kolkata,Card,3.8,2025-04,Medium,False
INV0575,2025-03-20,Apple Watch,Smart Watch,3.0,32000,96000.0,Delhi,UPI,5.0,2025-03,Very High,True
INV0576,2025-02-21,MacBook Air,Laptop,1.0,95000,95000.0,Jaipur,Cash,4.5,2025-02,Very High,True
INV0577,2025-01-01,Samsung Smart TV,Smart TV,1.0,40000,40000.0,Delhi,Card,3.6,2025-01,High,False
INV0578,2025-01-05,Samsung M14,Mobile,4.0,14000,56000.0,Chennai,UPI,4.2,2025-01,Very High,False
INV0579,2025-04-04,Dell Inspiron,Laptop,4.0,48000,192000.0,Jaipur,Wallet,4.2,2025-04,,False
INV0580,2025-02-05,Boat Smart Watch,Smart Watch,5.0,2500,12500.0,Delhi,Wallet,4.7,2025-02,Medium,True
INV0581,2025-02-27,iPhone 14,Mobile,3.0,75000,225000.0,Pune,Cash,3.6,2025-02,,False
INV0582,2025-05-10,Dell Inspiron,Laptop,2.0,48000,96000.0,Delhi,UPI,3.3,2025-05,Very High,False
INV0583,2025-01-09,Samsung Smart TV,Smart TV,3.0,40000,120000.0,Jaipur,Wallet,3.4,2025-01,,False
INV0584,2025-03-02,Samsung M14,Mobile,4.0,14000,56000.0,Delhi,Cash,4.8,2025-03,Very High,True
INV0585,2025-05-12,HP Keyboard,Accessories,2.0,1200,2400.0,Jaipur,Cash,4.9,2025-05,Low,True
INV0586,2025-04-19,iPhone 14,Mobile,5.0,75000,375000.0,Jaipur,Card,3.9,2025-04,,False
INV0587,2024-11-24,Samsung M14,Mobile,3.0,14000,42000.0,Kolkata,,4.4,2024-11,High,False
INV0588,2025-02-19,HP Pavilion 15,Laptop,4.0,52000,208000.0,Delhi,Cash,4.1,2025-02,,False
INV0589,2024-12-07,Samsung M14,Mobile,4.0,14000,56000.0,Jaipur,Card,4.2,2024-12,Very High,False
INV0590,2025-01-19,Dell Inspiron,Laptop,5.0,48000,240000.0,Mumbai,UPI,4.1,2025-01,,False
INV0591,2025-03-09,HP Keyboard,Accessories,4.0,1200,4800.0,Hyderabad,Cash,3.6,2025-03,Low,False
INV0592,2025-04-23,HP Keyboard,Accessories,4.0,1200,4800.0,Hyderabad,,3.5,2025-04,Low,False
INV0593,2025-03-28,Dell Inspiron,Laptop,2.0,48000,96000.0,Mumbai,Wallet,4.2,2025-03,Very High,False
INV0594,2025-04-03,Samsung Smart TV,Smart TV,4.0,40000,160000.0,Kolkata,Card,3.1,2025-04,,False
INV0595,2024-12-19,HP Keyboard,Accessories,1.0,1200,1200.0,Chennai,Card,3.1,2024-12,Low,False
INV0596,2025-01-04,MacBook Air,Laptop,1.0,95000,95000.0,Pune,Cash,4.7,2025-01,Very High,True
INV0597,2024-11-26,HP Pavilion 15,Laptop,2.0,52000,104000.0,Mumbai,Cash,4.7,2024-11,,True
INV0598,2025-02-26,Apple Watch,Smart Watch,5.0,32000,160000.0,Pune,UPI,3.2,2025-02,,False
INV0599,2025-02-11,HP Pavilion 15,Laptop,2.0,52000,104000.0,Jaipur,Card,3.3,2025-02,,False
INV0600,2024-11-25,JBL Headphones,Accessories,4.0,2500,10000.0,Chennai,Card,4.6,2024-11,Medium,True
INV0601,2025-04-20,Apple Watch,Smart Watch,2.0,32000,64000.0,Jaipur,Card,4.7,2025-04,Very High,True
INV0602,2024-12-27,Dell Inspiron,Laptop,3.0,48000,144000.0,Mumbai,Wallet,5.0,2024-12,,True
INV0603,2025-05-16,Boat Smart Watch,Smart Watch,5.0,2500,12500.0,Mumbai,UPI,4.3,2025-05,Medium,False
INV0604,2024-11-21,HP Pavilion 15,Laptop,2.0,52000,104000.0,Bangalore,Wallet,4.8,2024-11,,True
INV0605,2025-03-05,Dell Inspiron,Laptop,2.0,48000,96000.0,Jaipur,Wallet,3.1,2025-03,Very High,False
INV0606,2024-12-14,HP Keyboard,Accessories,5.0,1200,6000.0,Jaipur,Card,3.7,2024-12,Medium,False
INV0607,2025-03-27,JBL Headphones,Accessories,3.0,2500,7500.0,Pune,Cash,3.2,2025-03,Medium,False
INV0608,2024-12-16,HP Pavilion 15,Laptop,2.0,52000,104000.0,Kolkata,Wallet,4.7,2024-12,,True
INV0609,2025-01-07,Boat Smart Watch,Smart Watch,5.0,2500,12500.0,Kolkata,Wallet,3.4,2025-01,Medium,False
INV0610,2024-12-17,Redmi Note 12,Mobile,3.0,13000,39000.0,Pune,UPI,4.2,2024-12,High,False
INV0611,2025-01-08,Boat Smart Watch,Smart Watch,2.0,2500,5000.0,Jaipur,UPI,4.7,2025-01,Low,True
INV0612,2025-03-04,HP Pavilion 15,Laptop,4.0,52000,208000.0,Bangalore,Card,3.3,2025-03,,False
INV0613,2025-05-10,HP Pavilion 15,Laptop,4.0,52000,208000.0,Delhi,Cash,3.6,2025-05,,False
INV0614,2025-04-05,HP Keyboard,Accessories,2.0,1200,2400.0,Hyderabad,Card,3.4,2025-04,Low,False
INV0615,2025-04-07,MacBook Air,Laptop,4.0,95000,380000.0,Kolkata,Cash,4.6,2025-04,,True
INV0616,2024-12-28,Samsung M14,Mobile,4.0,14000,56000.0,Delhi,Card,3.4,2024-12,Very High,False
INV0617,2025-01-09,Samsung Smart TV,Smart TV,1.0,40000,40000.0,Pune,Wallet,3.1,2025-01,High,False
INV0618,2025-02-18,Boat Smart Watch,Smart Watch,5.0,2500,12500.0,Chennai,Cash,3.1,2025-02,Medium,False
INV0619,2025-01-18,JBL Headphones,Accessories,4.0,2500,10000.0,Chennai,Card,3.5,2025-01,Medium,False
INV0620,2025-04-15,Boat Smart Watch,Smart Watch,4.0,2500,10000.0,Pune,Cash,3.6,2025-04,Medium,False
INV0621,2025-03-23,Dell Inspiron,Laptop,2.0,48000,96000.0,Bangalore,Card,3.9,2025-03,Very High,False
INV0622,2025-05-17,MacBook Air,Laptop,5.0,95000,475000.0,Hyderabad,Wallet,4.4,2025-05,,False
INV0623,2025-03-08,Logitech Mouse,Accessories,5.0,700,3500.0,Chennai,UPI,4.6,2025-03,Low,True
INV0624,2024-11-28,HP Keyboard,Accessories,5.0,1200,6000.0,Mumbai,Wallet,4.0,2024-11,Medium,False
INV0625,2025-03-02,MacBook Air,Laptop,5.0,95000,475000.0,Jaipur,Card,4.3,2025-03,,False
INV0626,2024-12-20,MacBook Air,Laptop,3.0,95000,285000.0,Chennai,Card,3.8,2024-12,,False
,2025-04-10,Redmi Note 12,Mobile,4.0,13000,52000.0,Chennai,Card,3.2,2025-04,Very High,False
INV0628,2024-12-10,Samsung Smart TV,Smart TV,3.0,40000,120000.0,Delhi,Wallet,3.3,2024-12,,False
INV0629,2025-02-06,Logitech Mouse,Accessories,4.0,700,2800.0,Mumbai,UPI,4.0,2025-02,Low,False
INV0630,2024-12-22,HP Pavilion 15,Laptop,4.0,52000,208000.0,Chennai,Wallet,3.1,2024-12,,False
INV0631,2025-02-23,MacBook Air,Laptop,4.0,95000,380000.0,Jaipur,Wallet,4.2,2025-02,,False
INV0632,2025-02-25,MacBook Air,Laptop,4.0,95000,380000.0,Pune,Card,4.9,2025-02,,True
INV0633,2025-05-04,iPhone 14,Mobile,2.0,75000,150000.0,Kolkata,UPI,3.4,2025-05,,False
INV0634,2025-02-26,Boat Smart Watch,Smart Watch,2.0,2500,5000.0,Hyderabad,UPI,4.0,2025-02,Low,False
INV0635,2025-04-29,Boat Smart Watch,Smart Watch,5.0,2500,12500.0,Delhi,UPI,3.5,2025-04,Medium,False
INV0636,2025-04-17,Dell Inspiron,Laptop,2.0,48000,96000.0,Chennai,Wallet,3.0,2025-04,Very High,False
INV0637,2025-01-06,JBL Headphones,,4.0,2500,10000.0,Mumbai,Wallet,4.2,2025-01,Medium,False
INV0638,2025-01-07,Apple Watch,Smart Watch,4.0,32000,128000.0,Hyderabad,Card,3.1,2025-01,,False
INV0639,2024-11-23,iPhone 14,Mobile,3.0,75000,225000.0,Mumbai,Card,3.9,2024-11,,False
INV0640,2025-02-10,Logitech Mouse,Accessories,4.0,700,2800.0,Kolkata,UPI,3.0,2025-02,Low,False
INV0641,2025-01-06,Logitech Mouse,Accessories,4.0,700,2800.0,Hyderabad,Wallet,3.7,2025-01,Low,False
INV0642,2024-12-02,Apple Watch,Smart Watch,4.0,32000,128000.0,Jaipur,Card,3.0,2024-12,,False
INV0643,2024-12-02,Redmi Note 12,Mobile,3.0,13000,39000.0,Jaipur,UPI,5.0,2024-12,High,True
INV0644,2025-03-07,MacBook Air,Laptop,2.0,95000,190000.0,Jaipur,Card,4.0,2025-03,,False
INV0645,2025-01-06,Samsung Smart TV,Smart TV,2.0,40000,80000.0,Chennai,UPI,4.3,2025-01,Very High,False
INV0646,2024-11-30,Logitech Mouse,Accessories,1.0,700,700.0,Delhi,Cash,4.1,2024-11,Low,False
INV0647,2025-02-04,Redmi Note 12,Mobile,4.0,13000,52000.0,Bangalore,Wallet,4.5,2025-02,Very High,True
INV0648,2024-12-02,Samsung M14,Mobile,1.0,14000,14000.0,Hyderabad,UPI,4.1,2024-12,Medium,False
INV0649,2024-11-16,Samsung M14,Mobile,1.0,14000,14000.0,Mumbai,UPI,3.1,2024-11,Medium,False
INV0650,2025-01-27,HP Pavilion 15,Laptop,5.0,52000,260000.0,Mumbai,Cash,3.3,2025-01,,False
INV0651,2025-01-21,iPhone 14,Mobile,5.0,75000,375000.0,Mumbai,UPI,4.9,2025-01,,True
INV0652,2024-11-28,Samsung Smart TV,Smart TV,5.0,40000,200000.0,Hyderabad,UPI,4.5,2024-11,,True
INV0653,2025-02-26,Samsung Smart TV,Smart TV,2.0,40000,80000.0,Chennai,Wallet,3.3,2025-02,Very High,False
INV0654,2025-05-12,HP Pavilion 15,Laptop,1.0,52000,52000.0,Hyderabad,Card,4.6,2025-05,Very High,True
INV0655,2025-04-10,HP Pavilion 15,Laptop,4.0,52000,208000.0,Jaipur,Wallet,4.7,2025-04,,True
INV0656,2025-02-21,Boat Smart Watch,Smart Watch,5.0,2500,12500.0,Mumbai,Card,4.2,2025-02,Medium,False
INV0657,2025-02-03,Apple Watch,Smart Watch,1.0,32000,32000.0,Bangalore,UPI,3.5,2025-02,High,False
INV0658,2025-04-20,MacBook Air,Laptop,3.0,95000,285000.0,Chennai,UPI,4.8,2025-04,,True
INV0659,2025-01-05,Dell Inspiron,Laptop,2.0,48000,96000.0,Hyderabad,UPI,4.5,2025-01,Very High,True
INV0660,2025-05-15,HP Keyboard,Accessories,4.0,1200,4800.0,Delhi,Cash,4.2,2025-05,Low,False
INV0661,2025-03-11,Dell Inspiron,,4.0,48000,192000.0,Hyderabad,Wallet,4.4,2025-03,,False
INV0662,2024-12-06,MacBook Air,Laptop,5.0,95000,475000.0,Pune,Card,3.7,2024-12,,False
INV0663,2025-03-21,Redmi Note 12,Mobile,3.0,13000,39000.0,Delhi,Card,4.4,2025-03,High,False
INV0664,2025-04-22,Dell Inspiron,Laptop,5.0,48000,240000.0,Mumbai,Wallet,4.9,2025-04,,True
INV0665,2024-12-18,HP Pavilion 15,Laptop,1.0,52000,52000.0,Bangalore,Wallet,4.8,2024-12,Very High,True
INV0666,2025-04-27,Logitech Mouse,Accessories,5.0,700,3500.0,Hyderabad,Wallet,4.3,2025-04,Low,False
INV0667,2025-03-21,Samsung M14,Mobile,3.0,14000,42000.0,Chennai,Cash,4.9,2025-03,High,True
INV0668,2025-04-09,MacBook Air,Laptop,5.0,95000,475000.0,Pune,Cash,3.0,2025-04,,False
INV0669,2025-04-01,JBL Headphones,Accessories,1.0,2500,2500.0,Pune,Card,4.6,2025-04,Low,True
INV0670,2024-12-12,Apple Watch,Smart Watch,5.0,32000,160000.0,Mumbai,Wallet,4.1,2024-12,,False
INV0671,2025-04-07,Apple Watch,Smart Watch,1.0,32000,32000.0,Kolkata,Cash,3.1,2025-04,High,False
INV0672,2024-11-20,Logitech Mouse,Accessories,2.0,700,1400.0,Delhi,Wallet,4.8,2024-11,Low,True
INV0673,2024-12-03,MacBook Air,Laptop,3.0,95000,285000.0,Kolkata,Card,3.4,2024-12,,False
INV0674,2025-01-21,Samsung Smart TV,Smart TV,1.0,40000,40000.0,Jaipur,Cash,4.2,2025-01,High,False
INV0675,2024-12-21,HP Keyboard,Accessories,2.0,1200,2400.0,Bangalore,Wallet,5.0,2024-12,Low,True
INV0676,2024-12-19,Samsung M14,Mobile,3.0,14000,42000.0,Delhi,Cash,4.8,2024-12,High,True
INV0677,2025-03-01,Boat Smart Watch,Smart Watch,4.0,2500,10000.0,Jaipur,Wallet,3.5,2025-03,Medium,False
INV0678,2025-05-16,JBL Headphones,Accessories,2.0,2500,5000.0,Mumbai,UPI,4.2,2025-05,Low,False
INV0679,2025-01-06,MacBook Air,Laptop,2.0,95000,190000.0,Pune,Wallet,5.0,2025-01,,True
INV0680,2025-03-07,MacBook Air,Laptop,4.0,95000,380000.0,Pune,UPI,3.8,2025-03,,False
INV0681,2025-05-12,HP Keyboard,Accessories,4.0,1200,4800.0,Chennai,Card,3.7,2025-05,Low,False
INV0682,2025-04-08,Logitech Mouse,Accessories,4.0,700,2800.0,Kolkata,Wallet,4.1,2025-04,Low,False
INV0683,2025-03-22,Samsung M14,Mobile,1.0,14000,14000.0,Pune,Card,3.5,2025-03,Medium,False
INV0684,2025-04-26,Samsung M14,Mobile,5.0,14000,70000.0,Chennai,UPI,4.3,2025-04,Very High,False
INV0685,2025-01-04,Redmi Note 12,Mobile,5.0,13000,65000.0,Mumbai,UPI,4.6,2025-01,Very High,True
INV0686,2024-11-27,Apple Watch,Smart Watch,1.0,32000,32000.0,Chennai,Cash,4.3,2024-11,High,False
INV0687,2024-11-29,Dell Inspiron,Laptop,3.0,48000,144000.0,Delhi,UPI,4.3,2024-11,,False
INV0688,2024-11-21,iPhone 14,Mobile,4.0,75000,300000.0,Chennai,Wallet,4.9,2024-11,,True
INV0689,2025-04-22,MacBook Air,Laptop,1.0,95000,95000.0,Delhi,Wallet,3.2,2025-04,Very High,False
INV0690,2025-01-09,Logitech Mouse,Accessories,2.0,700,1400.0,Chennai,Wallet,3.6,2025-01,Low,False
INV0691,2024-12-05,MacBook Air,Laptop,1.0,95000,95000.0,Delhi,Card,3.5,2024-12,Very High,False
INV0692,2025-04-07,HP Keyboard,Accessories,3.0,1200,3600.0,Pune,Cash,3.9,2025-04,Low,False
INV0693,2025-05-09,Dell Inspiron,Laptop,1.0,48000,48000.0,Hyderabad,Wallet,3.0,2025-05,High,False
INV0694,2024-12-28,MacBook Air,Laptop,2.0,95000,190000.0,Delhi,Card,3.4,2024-12,,False
INV0695,2025-03-07,Apple Watch,Smart Watch,1.0,32000,32000.0,Chennai,UPI,4.3,2025-03,High,False
INV0696,2025-01-19,HP Keyboard,Accessories,2.0,1200,2400.0,Jaipur,Cash,4.5,2025-01,Low,True
INV0697,2025-04-24,HP Keyboard,Accessories,2.0,1200,2400.0,Delhi,Card,3.1,2025-04,Low,False
INV0698,2025-02-15,Redmi Note 12,Mobile,4.0,13000,52000.0,Bangalore,Cash,4.9,2025-02,Very High,True
INV0699,2024-11-28,HP Keyboard,Accessories,4.0,1200,4800.0,Kolkata,UPI,3.2,2024-11,Low,False
INV0700,2024-12-16,MacBook Air,Laptop,4.0,95000,380000.0,Mumbai,Card,4.1,2024-12,,False
INV0701,2024-11-21,MacBook Air,Laptop,2.0,95000,190000.0,Pune,Wallet,3.7,2024-11,,False
INV0702,2025-03-24,Logitech Mouse,Accessories,5.0,700,3500.0,Kolkata,UPI,4.2,2025-03,Low,False
INV0703,2024-12-05,Boat Smart Watch,Smart Watch,2.0,2500,5000.0,Delhi,UPI,3.3,2024-12,Low,False
INV0704,2025-03-10,Logitech Mouse,Accessories,1.0,700,700.0,Mumbai,Cash,3.0,2025-03,Low,False
INV0705,2025-03-01,Redmi Note 12,Mobile,3.0,13000,39000.0,Bangalore,Cash,3.5,2025-03,High,False
INV0706,2025-02-21,Samsung Smart TV,Smart TV,2.0,40000,80000.0,Pune,Card,4.5,2025-02,Very High,True
INV0707,2025-01-02,Logitech Mouse,Accessories,1.0,700,700.0,Kolkata,Card,3.8,2025-01,Low,False
INV0708,2025-03-13,Samsung Smart TV,Smart TV,5.0,40000,200000.0,Hyderabad,Wallet,3.7,2025-03,,False
INV0709,2025-04-27,HP Keyboard,Accessories,3.0,1200,3600.0,Mumbai,Wallet,3.0,2025-04,Low,False
INV0710,2024-12-15,Logitech Mouse,Accessories,2.0,700,1400.0,Bangalore,Cash,3.9,2024-12,Low,False
INV0711,2025-03-07,HP Keyboard,Accessories,5.0,1200,6000.0,Pune,Card,3.1,2025-03,Medium,False
INV0712,2025-03-07,Logitech Mouse,Accessories,5.0,700,3500.0,Delhi,UPI,4.4,2025-03,Low,False
INV0713,2024-12-10,Samsung Smart TV,Smart TV,2.0,40000,80000.0,Chennai,Cash,3.3,2024-12,Very High,False
INV0714,2025-05-09,JBL Headphones,Accessories,1.0,2500,2500.0,Hyderabad,Wallet,4.1,2025-05,Low,False
INV0715,2025-02-21,Dell Inspiron,Laptop,5.0,48000,240000.0,Pune,UPI,4.4,2025-02,,False
INV0716,2025-04-01,Dell Inspiron,Laptop,4.0,48000,192000.0,Jaipur,Card,3.9,2025-04,,False
INV0717,2024-11-20,Logitech Mouse,Accessories,1.0,700,700.0,Chennai,Card,3.1,2024-11,Low,False
INV0718,2025-02-10,iPhone 14,Mobile,1.0,75000,75000.0,Pune,Cash,3.1,2025-02,Very High,False
INV0719,2024-12-06,JBL Headphones,Accessories,1.0,2500,2500.0,Jaipur,Wallet,3.3,2024-12,Low,False
INV0720,2025-03-17,iPhone 14,Mobile,1.0,75000,75000.0,Jaipur,Wallet,4.7,2025-03,Very High,True
INV0721,2024-12-15,Redmi Note 12,Mobile,4.0,13000,52000.0,Mumbai,Card,3.2,2024-12,Very High,False
INV0722,2025-02-14,Dell Inspiron,Laptop,1.0,48000,48000.0,Chennai,Cash,4.1,2025-02,High,False
INV0723,2024-12-02,Samsung M14,Mobile,5.0,14000,70000.0,Jaipur,Cash,5.0,2024-12,Very High,True
INV0724,2025-03-02,Dell Inspiron,Laptop,4.0,48000,192000.0,Kolkata,Cash,3.7,2025-03,,False
INV0725,2025-03-25,Apple Watch,Smart Watch,1.0,32000,32000.0,Hyderabad,Cash,3.7,2025-03,High,False
INV0726,2024-12-13,Dell Inspiron,Laptop,1.0,48000,48000.0,Pune,Wallet,3.6,2024-12,High,False
INV0727,2025-05-11,JBL Headphones,Accessories,1.0,2500,2500.0,Pune,Card,4.8,2025-05,Low,True
INV0728,2025-03-26,Boat Smart Watch,Smart Watch,5.0,2500,12500.0,Pune,UPI,3.3,2025-03,Medium,False
INV0729,2025-01-20,JBL Headphones,Accessories,1.0,2500,2500.0,Pune,Cash,4.3,2025-01,Low,False
INV0730,2024-11-17,Apple Watch,Smart Watch,1.0,32000,32000.0,Delhi,Cash,5.0,2024-11,High,True
INV0731,2025-04-27,MacBook Air,Laptop,3.0,95000,285000.0,Kolkata,Card,4.5,2025-04,,True
INV0732,2025-03-22,Samsung Smart TV,Smart TV,5.0,40000,200000.0,Mumbai,Wallet,3.9,2025-03,,False
INV0733,2025-04-13,Boat Smart Watch,Smart Watch,3.0,2500,7500.0,Mumbai,Card,3.5,2025-04,Medium,False
INV0734,2025-01-16,JBL Headphones,Accessories,5.0,2500,12500.0,Kolkata,Cash,4.2,2025-01,Medium,False
INV0735,2024-12-07,Boat Smart Watch,Smart Watch,3.0,2500,7500.0,Bangalore,UPI,4.2,2024-12,Medium,False
INV0736,2025-04-12,MacBook Air,Laptop,4.0,95000,380000.0,Pune,Cash,3.6,2025-04,,False
INV0737,2025-02-28,Logitech Mouse,Accessories,2.0,700,1400.0,Pune,Card,3.4,2025-02,Low,False
INV0738,,JBL Headphones,Accessories,2.0,2500,5000.0,Mumbai,Wallet,4.9,NaT,Low,True
INV0739,2025-02-13,Boat Smart Watch,Smart Watch,5.0,2500,12500.0,Kolkata,Cash,4.2,2025-02,Medium,False
INV0740,2025-03-03,Boat Smart Watch,Smart Watch,5.0,2500,12500.0,Chennai,Wallet,4.8,2025-03,Medium,True
INV0741,2024-12-20,MacBook Air,Laptop,1.0,95000,95000.0,Chennai,Wallet,,2024-12,Very High,False
INV0742,2025-03-26,iPhone 14,Mobile,3.0,75000,225000.0,Jaipur,Cash,4.0,2025-03,,False
INV0743,2025-01-31,Apple Watch,Smart Watch,4.0,32000,128000.0,Mumbai,Card,4.0,2025-01,,False
INV0744,2025-03-21,HP Keyboard,Accessories,2.0,1200,2400.0,Delhi,Cash,3.0,2025-03,Low,False
INV0745,2025-03-22,MacBook Air,Laptop,2.0,95000,190000.0,Kolkata,Cash,3.9,2025-03,,False
INV0746,2024-12-08,Boat Smart Watch,Smart Watch,2.0,2500,5000.0,Chennai,Card,4.2,2024-12,Low,False
INV0747,2025-03-02,Samsung M14,Mobile,3.0,14000,42000.0,Kolkata,UPI,4.8,2025-03,High,True
INV0748,2025-04-16,Apple Watch,Smart Watch,1.0,32000,32000.0,Hyderabad,UPI,4.2,2025-04,High,False
INV0749,2025-04-08,Logitech Mouse,Accessories,3.0,700,2100.0,Delhi,Wallet,4.9,2025-04,Low,True
INV0750,2025-05-11,Redmi Note 12,Mobile,1.0,13000,13000.0,Jaipur,Wallet,4.6,2025-05,Medium,True
INV0751,2025-03-04,Logitech Mouse,Accessories,4.0,700,2800.0,Hyderabad,Card,4.1,2025-03,Low,False
INV0752,2025-04-11,HP Keyboard,Accessories,3.0,1200,3600.0,Pune,UPI,4.4,2025-04,Low,False
INV0753,2024-11-21,Samsung Smart TV,Smart TV,4.0,40000,160000.0,Hyderabad,Cash,4.2,2024-11,,False
INV0754,2025-02-10,JBL Headphones,Accessories,1.0,2500,2500.0,Kolkata,Cash,4.8,2025-02,Low,True
INV0755,2025-01-22,MacBook Air,Laptop,4.0,95000,380000.0,Kolkata,Card,3.6,2025-01,,False
INV0756,2025-04-02,JBL Headphones,Accessories,4.0,2500,10000.0,Kolkata,Cash,3.1,2025-04,Medium,False
INV0757,2024-11-19,Boat Smart Watch,Smart Watch,2.0,2500,5000.0,Mumbai,Card,3.8,2024-11,Low,False
INV0758,2025-03-02,HP Pavilion 15,Laptop,1.0,52000,52000.0,Kolkata,UPI,4.3,2025-03,Very High,False
INV0759,2024-11-30,Samsung M14,Mobile,4.0,14000,56000.0,Hyderabad,UPI,4.8,2024-11,Very High,True
INV0760,2025-04-29,Boat Smart Watch,Smart Watch,3.0,2500,7500.0,Pune,Cash,3.2,2025-04,Medium,False
INV0761,2024-12-22,iPhone 14,Mobile,3.0,75000,225000.0,Chennai,Card,3.5,2024-12,,False
INV0762,2025-02-02,Boat Smart Watch,Smart Watch,1.0,2500,2500.0,Mumbai,,3.9,2025-02,Low,False
INV0763,2024-12-23,Boat Smart Watch,Smart Watch,4.0,2500,10000.0,Pune,UPI,4.0,2024-12,Medium,False
INV0764,2024-11-29,JBL Headphones,Accessories,4.0,2500,10000.0,Hyderabad,Cash,4.6,2024-11,Medium,True
INV0765,2025-03-04,Dell Inspiron,Laptop,2.0,48000,96000.0,Pune,UPI,4.5,2025-03,Very High,True
INV0766,2025-01-27,Boat Smart Watch,Smart Watch,5.0,2500,12500.0,Pune,Card,3.7,2025-01,Medium,False
INV0767,2025-02-08,iPhone 14,Mobile,2.0,75000,150000.0,Jaipur,UPI,3.7,2025-02,,False
INV0768,2025-01-08,Logitech Mouse,Accessories,1.0,700,700.0,Mumbai,Cash,4.4,2025-01,Low,False
INV0769,2025-02-07,HP Keyboard,Accessories,4.0,1200,4800.0,Delhi,Card,4.0,2025-02,Low,False
INV0770,2025-03-30,HP Keyboard,Accessories,4.0,1200,4800.0,Chennai,Wallet,3.3,2025-03,Low,False
INV0771,2025-04-18,HP Keyboard,Accessories,2.0,1200,2400.0,Jaipur,Card,4.0,2025-04,Low,False
INV0772,2025-04-23,Redmi Note 12,Mobile,1.0,13000,13000.0,Mumbai,Wallet,3.3,2025-04,Medium,False
INV0773,2025-02-09,Redmi Note 12,Mobile,5.0,13000,65000.0,Pune,Wallet,4.5,2025-02,Very High,True
INV0774,2024-12-09,HP Pavilion 15,Laptop,5.0,52000,260000.0,Chennai,UPI,3.9,2024-12,,False
INV0775,2025-03-21,MacBook Air,Laptop,1.0,95000,95000.0,Hyderabad,Cash,3.4,2025-03,Very High,False
INV0776,2025-03-15,HP Keyboard,Accessories,2.0,1200,2400.0,Chennai,Card,3.3,2025-03,Low,False
INV0777,2025-05-17,Redmi Note 12,Mobile,4.0,13000,52000.0,Bangalore,UPI,4.0,2025-05,Very High,False
INV0778,2024-11-21,Dell Inspiron,Laptop,3.0,48000,144000.0,Bangalore,Wallet,4.6,2024-11,,True
INV0779,2025-03-12,HP Pavilion 15,Laptop,1.0,52000,52000.0,Jaipur,Wallet,4.4,2025-03,Very High,False
INV0780,2025-01-01,MacBook Air,Laptop,4.0,95000,380000.0,Mumbai,Card,4.4,2025-01,,False
INV0781,2025-03-20,iPhone 14,Mobile,4.0,75000,300000.0,Pune,Cash,4.0,2025-03,,False
INV0782,2025-04-25,Redmi Note 12,Mobile,3.0,13000,39000.0,Hyderabad,Wallet,4.8,2025-04,High,True
INV0783,2025-03-16,Logitech Mouse,Accessories,3.0,700,2100.0,Pune,Card,4.1,2025-03,Low,False
INV0784,2025-03-03,JBL Headphones,Accessories,4.0,2500,10000.0,Jaipur,UPI,3.8,2025-03,Medium,False
INV0785,2025-04-22,HP Pavilion 15,Laptop,4.0,52000,208000.0,Hyderabad,Card,3.5,2025-04,,False
INV0786,2025-03-03,Apple Watch,Smart Watch,3.0,32000,96000.0,Mumbai,Wallet,4.5,2025-03,Very High,True
INV0787,2025-01-30,Logitech Mouse,Accessories,2.0,700,1400.0,Delhi,Wallet,4.3,2025-01,Low,False
INV0788,2024-12-13,HP Keyboard,Accessories,5.0,1200,6000.0,Delhi,Card,3.4,2024-12,Medium,False
INV0789,2025-03-31,Apple Watch,Smart Watch,2.0,32000,64000.0,Chennai,Cash,4.0,2025-03,Very High,False
INV0790,2025-02-18,HP Keyboard,Accessories,5.0,1200,6000.0,Chennai,Card,4.3,2025-02,Medium,False
INV0791,2025-01-09,Samsung Smart TV,Smart TV,3.0,40000,120000.0,Pune,Wallet,4.2,2025-01,,False
INV0792,2025-02-08,HP Pavilion 15,Laptop,3.0,52000,156000.0,Chennai,Cash,4.1,2025-02,,False
INV0793,2025-03-11,Boat Smart Watch,Smart Watch,3.0,2500,7500.0,Delhi,Wallet,4.1,2025-03,Medium,False
INV0794,2025-05-02,Redmi Note 12,Mobile,1.0,13000,13000.0,Jaipur,UPI,4.9,2025-05,Medium,True
INV0795,2025-03-12,iPhone 14,Mobile,5.0,75000,375000.0,Chennai,Cash,3.8,2025-03,,False
INV0796,2025-04-27,Logitech Mouse,Accessories,4.0,700,2800.0,Chennai,Wallet,4.1,2025-04,Low,False
INV0797,2025-05-09,MacBook Air,Laptop,2.0,95000,190000.0,Mumbai,Card,4.7,2025-05,,True
INV0798,2025-03-13,Dell Inspiron,Laptop,2.0,48000,96000.0,Delhi,Wallet,4.8,2025-03,Very High,True
INV0799,2025-02-16,iPhone 14,Mobile,2.0,75000,150000.0,Bangalore,Cash,4.8,2025-02,,True
INV0800,2024-11-20,MacBook Air,Laptop,2.0,95000,190000.0,Chennai,Cash,4.6,2024-11,,True
INV0801,2025-02-28,HP Keyboard,Accessories,2.0,1200,2400.0,Kolkata,Wallet,3.1,2025-02,Low,False
INV0802,2025-01-28,MacBook Air,Laptop,3.0,95000,285000.0,Pune,Cash,3.3,2025-01,,False
INV0803,2025-04-14,Redmi Note 12,Mobile,4.0,13000,52000.0,Kolkata,Wallet,5.0,2025-04,Very High,True
INV0804,2025-05-14,Logitech Mouse,Accessories,3.0,700,2100.0,Delhi,Wallet,3.8,2025-05,Low,False
INV0805,2025-03-09,Redmi Note 12,Mobile,1.0,13000,13000.0,Hyderabad,UPI,4.1,2025-03,Medium,False
INV0806,2024-12-28,MacBook Air,Laptop,5.0,95000,475000.0,Chennai,Wallet,3.2,2024-12,,False
INV0807,2025-01-03,HP Pavilion 15,Laptop,2.0,52000,104000.0,Jaipur,Cash,4.6,2025-01,,True
INV0808,2025-04-23,HP Keyboard,Accessories,3.0,1200,3600.0,Bangalore,Wallet,3.1,2025-04,Low,False
INV0809,2025-02-05,Samsung Smart TV,Smart TV,5.0,40000,200000.0,Pune,Card,4.4,2025-02,,False
INV0810,2025-04-12,iPhone 14,Mobile,3.0,75000,225000.0,Chennai,Card,4.3,2025-04,,False
INV0811,2025-01-17,MacBook Air,Laptop,4.0,95000,380000.0,Bangalore,Cash,3.7,2025-01,,False
INV0812,2025-03-31,Boat Smart Watch,Smart Watch,,2500,5000.0,Mumbai,Cash,4.1,2025-03,Low,False
INV0813,2025-05-16,Apple Watch,Smart Watch,4.0,32000,128000.0,Chennai,Card,3.6,2025-05,,False
INV0814,2024-11-30,Boat Smart Watch,Smart Watch,3.0,2500,7500.0,Mumbai,Wallet,3.4,2024-11,Medium,False
INV0815,2025-04-29,Dell Inspiron,Laptop,2.0,48000,96000.0,Delhi,UPI,3.4,2025-04,Very High,False
INV0816,2025-05-03,Logitech Mouse,Accessories,1.0,700,700.0,Hyderabad,Card,4.0,2025-05,Low,False
INV0817,2024-12-04,Redmi Note 12,Mobile,4.0,13000,52000.0,Jaipur,Cash,4.9,2024-12,Very High,True
INV0818,2025-02-24,Boat Smart Watch,Smart Watch,4.0,2500,10000.0,Mumbai,Card,3.6,2025-02,Medium,False
INV0819,2025-03-14,iPhone 14,Mobile,4.0,75000,300000.0,Kolkata,Wallet,4.2,2025-03,,False
INV0820,2025-01-18,Samsung Smart TV,Smart TV,3.0,40000,120000.0,Mumbai,Cash,3.6,2025-01,,False
INV0821,2025-03-12,iPhone 14,Mobile,2.0,75000,150000.0,Bangalore,UPI,3.6,2025-03,,False
INV0822,2025-02-08,Logitech Mouse,Accessories,3.0,700,2100.0,Pune,Card,4.6,2025-02,Low,True
INV0823,2025-02-25,Dell Inspiron,Laptop,2.0,48000,96000.0,Jaipur,Card,3.8,2025-02,Very High,False
INV0824,2025-05-03,Logitech Mouse,Accessories,2.0,700,1400.0,Bangalore,Cash,4.4,2025-05,Low,False
INV0825,2024-12-18,Apple Watch,Smart Watch,3.0,32000,96000.0,Delhi,UPI,4.7,2024-12,Very High,True
INV0826,2025-03-19,Boat Smart Watch,Smart Watch,1.0,2500,2500.0,Bangalore,UPI,3.5,2025-03,Low,False
INV0827,2025-01-08,Redmi Note 12,Mobile,3.0,13000,39000.0,Bangalore,Cash,5.0,2025-01,High,True
INV0828,2025-02-05,Redmi Note 12,Mobile,3.0,13000,39000.0,Delhi,Card,3.5,2025-02,High,False
INV0829,2025-02-23,HP Keyboard,Accessories,5.0,1200,6000.0,Pune,Card,3.3,2025-02,Medium,False
INV0830,2025-01-20,Boat Smart Watch,Smart Watch,2.0,2500,5000.0,Pune,Wallet,4.0,2025-01,Low,False
INV0831,2024-11-17,Logitech Mouse,Accessories,3.0,700,2100.0,Bangalore,UPI,4.6,2024-11,Low,True
INV0832,2025-02-02,MacBook Air,Laptop,5.0,95000,475000.0,Pune,Wallet,3.7,2025-02,,False
INV0833,2025-04-06,Boat Smart Watch,Smart Watch,1.0,2500,2500.0,Mumbai,Wallet,3.0,2025-04,Low,False
INV0834,2024-11-21,Logitech Mouse,Accessories,3.0,700,2100.0,Pune,Wallet,4.2,2024-11,Low,False
INV0835,2024-11-30,iPhone 14,Mobile,4.0,75000,300000.0,Bangalore,UPI,3.0,2024-11,,False
INV0836,2025-02-08,Boat Smart Watch,Smart Watch,5.0,2500,12500.0,Hyderabad,Cash,3.6,2025-02,Medium,False
INV0837,2025-01-20,Apple Watch,Smart Watch,5.0,32000,160000.0,Hyderabad,UPI,4.5,2025-01,,True
INV0838,2025-05-16,Samsung M14,Mobile,1.0,14000,14000.0,Chennai,Cash,3.9,2025-05,Medium,False
INV0839,2025-01-02,Samsung Smart TV,Smart TV,4.0,40000,160000.0,Delhi,,3.6,2025-01,,False
INV0840,2025-01-06,Apple Watch,Smart Watch,1.0,32000,32000.0,Chennai,UPI,4.0,2025-01,High,False
INV0841,2024-11-29,HP Pavilion 15,Laptop,5.0,52000,260000.0,Delhi,Cash,3.1,2024-11,,False
INV0842,2025-04-05,Samsung Smart TV,Smart TV,2.0,40000,80000.0,Kolkata,Wallet,3.8,2025-04,Very High,False
INV0843,2024-11-29,HP Pavilion 15,Laptop,4.0,52000,208000.0,Pune,Wallet,4.0,2024-11,,False
INV0844,2024-12-03,JBL Headphones,Accessories,4.0,2500,10000.0,Mumbai,Wallet,4.7,2024-12,Medium,True
INV0845,2025-04-27,iPhone 14,Mobile,3.0,75000,225000.0,Delhi,Cash,3.3,2025-04,,False
INV0846,2025-02-19,Apple Watch,Smart Watch,5.0,32000,160000.0,Kolkata,Wallet,4.0,2025-02,,False
INV0847,2024-12-27,MacBook Air,Laptop,1.0,95000,95000.0,Kolkata,Wallet,3.4,2024-12,Very High,False
INV0848,2024-12-02,Redmi Note 12,Mobile,5.0,13000,65000.0,Pune,Cash,4.7,2024-12,Very High,True
INV0849,2025-05-17,Logitech Mouse,Accessories,4.0,700,2800.0,Pune,Wallet,4.1,2025-05,Low,False
INV0850,2025-04-11,HP Keyboard,Accessories,2.0,1200,2400.0,Kolkata,Wallet,4.6,2025-04,Low,True
INV0851,2025-01-15,Redmi Note 12,Mobile,1.0,13000,13000.0,Chennai,Cash,3.4,2025-01,Medium,False
INV0852,2025-04-29,Logitech Mouse,Accessories,2.0,700,1400.0,Jaipur,Wallet,4.9,2025-04,Low,True
INV0853,2025-02-28,Apple Watch,Smart Watch,4.0,32000,128000.0,Jaipur,Wallet,4.6,2025-02,,True
INV0854,2025-03-27,Boat Smart Watch,Smart Watch,4.0,2500,10000.0,Chennai,UPI,4.5,2025-03,Medium,True
INV0855,2025-03-05,JBL Headphones,Accessories,2.0,2500,5000.0,Mumbai,Cash,4.2,2025-03,Low,False
INV0856,2025-01-04,Dell Inspiron,Laptop,2.0,48000,96000.0,Pune,Wallet,3.1,2025-01,Very High,False
INV0857,2025-01-07,HP Keyboard,Accessories,3.0,1200,3600.0,Delhi,Card,3.2,2025-01,Low,False
INV0858,2025-05-12,Samsung M14,Mobile,3.0,14000,42000.0,Chennai,Card,4.4,2025-05,High,False
INV0859,2025-03-15,Boat Smart Watch,Smart Watch,3.0,2500,7500.0,Bangalore,Card,3.0,2025-03,Medium,False
INV0860,2024-12-19,Redmi Note 12,Mobile,,13000,13000.0,Mumbai,Cash,3.5,2024-12,Medium,False
INV0861,2024-12-05,Logitech Mouse,Accessories,3.0,700,2100.0,Pune,UPI,3.4,2024-12,Low,False
INV0862,2024-12-16,Samsung Smart TV,Smart TV,1.0,40000,40000.0,Hyderabad,UPI,3.3,2024-12,High,False
INV0863,2025-04-26,Redmi Note 12,Mobile,3.0,13000,39000.0,Bangalore,Card,3.4,2025-04,High,False
INV0864,2025-04-30,MacBook Air,Laptop,4.0,95000,380000.0,Pune,Card,3.2,2025-04,,False
INV0865,2025-04-05,iPhone 14,Mobile,2.0,75000,150000.0,Bangalore,Card,4.7,2025-04,,True
INV0866,2024-11-26,Logitech Mouse,Accessories,1.0,700,700.0,Bangalore,Card,3.6,2024-11,Low,False
INV0867,2024-12-06,iPhone 14,Mobile,5.0,75000,375000.0,Jaipur,Card,3.4,2024-12,,False
INV0868,2025-02-04,iPhone 14,Mobile,4.0,75000,300000.0,Jaipur,UPI,4.1,2025-02,,False
INV0869,2025-04-03,Apple Watch,Smart Watch,5.0,32000,160000.0,Hyderabad,UPI,3.3,2025-04,,False
INV0870,2025-03-30,Samsung M14,Mobile,2.0,14000,28000.0,Chennai,UPI,4.6,2025-03,High,True
INV0871,2025-03-27,Samsung M14,Mobile,1.0,14000,14000.0,Mumbai,Wallet,3.5,2025-03,Medium,False
INV0872,2024-11-20,iPhone 14,Mobile,3.0,75000,225000.0,Chennai,Wallet,3.8,2024-11,,False
INV0873,2025-03-17,Logitech Mouse,Accessories,3.0,700,2100.0,Bangalore,UPI,4.6,2025-03,Low,True
INV0874,2025-05-13,Redmi Note 12,Mobile,3.0,13000,39000.0,Mumbai,Card,3.2,2025-05,High,False
INV0875,2024-12-10,Logitech Mouse,Accessories,3.0,700,2100.0,Kolkata,Cash,4.2,2024-12,Low,False
INV0876,2024-12-13,Redmi Note 12,Mobile,3.0,13000,39000.0,Chennai,Wallet,3.4,2024-12,High,False
INV0877,2025-03-10,Logitech Mouse,Accessories,2.0,700,1400.0,Jaipur,Cash,3.5,2025-03,Low,False
INV0878,2025-04-17,Boat Smart Watch,Smart Watch,2.0,2500,5000.0,Hyderabad,Wallet,3.5,2025-04,Low,False
INV0879,2024-11-17,Samsung Smart TV,Smart TV,1.0,40000,40000.0,Mumbai,Card,4.1,2024-11,High,False
INV0880,2025-03-18,Redmi Note 12,Mobile,4.0,13000,52000.0,Delhi,Card,4.2,2025-03,Very High,False
INV0881,2025-03-01,Logitech Mouse,Accessories,4.0,700,2800.0,Jaipur,Card,3.7,2025-03,Low,False
INV0882,2025-04-18,Apple Watch,Smart Watch,4.0,32000,128000.0,Jaipur,Wallet,3.9,2025-04,,False
INV0883,2025-01-10,HP Pavilion 15,Laptop,4.0,52000,208000.0,Delhi,Wallet,4.9,2025-01,,True
INV0884,2025-04-23,JBL Headphones,Accessories,2.0,2500,5000.0,,Cash,4.9,2025-04,Low,True
INV0885,2025-01-15,Redmi Note 12,Mobile,1.0,13000,13000.0,Chennai,UPI,4.7,2025-01,Medium,True
INV0886,2025-04-19,HP Pavilion 15,Laptop,1.0,52000,52000.0,Delhi,UPI,4.9,2025-04,Very High,True
INV0887,2025-05-04,Boat Smart Watch,Smart Watch,5.0,2500,12500.0,Mumbai,Card,4.2,2025-05,Medium,False
INV0888,2025-01-17,Samsung Smart TV,Smart TV,5.0,40000,200000.0,Bangalore,UPI,4.9,2025-01,,True
INV0889,2024-12-16,Apple Watch,Smart Watch,1.0,32000,32000.0,Kolkata,Cash,4.1,2024-12,High,False
INV0890,2025-02-08,Apple Watch,Smart Watch,2.0,32000,64000.0,Chennai,UPI,4.6,2025-02,Very High,True
INV0891,2025-04-23,Logitech Mouse,Accessories,3.0,700,2100.0,Chennai,UPI,4.4,2025-04,Low,False
INV0892,2025-02-12,Samsung Smart TV,Smart TV,2.0,40000,80000.0,Hyderabad,Cash,4.3,2025-02,Very High,False
INV0893,2024-12-20,HP Keyboard,Accessories,1.0,1200,1200.0,Pune,Card,3.8,2024-12,Low,False
INV0894,2024-11-18,HP Pavilion 15,Laptop,2.0,52000,104000.0,Jaipur,Cash,4.0,2024-11,,False
INV0895,2025-02-03,Dell Inspiron,Laptop,3.0,48000,144000.0,Bangalore,Cash,3.4,2025-02,,False
INV0896,2025-03-10,Apple Watch,Smart Watch,2.0,32000,64000.0,Bangalore,UPI,4.6,2025-03,Very High,True
INV0897,2025-04-16,iPhone 14,Mobile,5.0,75000,375000.0,Hyderabad,Card,4.8,2025-04,,True
INV0898,2024-12-03,Redmi Note 12,Mobile,5.0,13000,65000.0,Jaipur,Card,4.0,2024-12,Very High,False
INV0899,2024-12-30,Redmi Note 12,Mobile,2.0,13000,26000.0,Pune,Wallet,3.1,2024-12,High,False
INV0900,2024-12-09,JBL Headphones,Accessories,5.0,2500,12500.0,Hyderabad,Cash,4.4,2024-12,Medium,False
INV0901,2025-04-07,MacBook Air,Laptop,1.0,95000,95000.0,Chennai,UPI,3.4,2025-04,Very High,False
INV0902,2025-04-01,Redmi Note 12,Mobile,4.0,13000,52000.0,Pune,UPI,4.5,2025-04,Very High,True
INV0903,2024-12-31,Logitech Mouse,Accessories,2.0,700,1400.0,Kolkata,Card,3.2,2024-12,Low,False
INV0904,2025-02-20,Apple Watch,Smart Watch,1.0,32000,32000.0,Hyderabad,Wallet,4.0,2025-02,High,False
INV0905,2025-02-08,Samsung Smart TV,Smart TV,4.0,40000,160000.0,Chennai,Card,4.9,2025-02,,True
INV0906,2025-02-28,MacBook Air,Laptop,3.0,95000,285000.0,Hyderabad,Card,4.1,2025-02,,False
INV0907,2025-04-18,JBL Headphones,Accessories,3.0,2500,7500.0,Pune,Cash,3.7,2025-04,Medium,False
INV0908,2025-02-19,MacBook Air,Laptop,4.0,95000,380000.0,Bangalore,Card,4.8,2025-02,,True
INV0909,2025-05-05,Redmi Note 12,Mobile,3.0,13000,39000.0,Mumbai,Cash,4.6,2025-05,High,True
INV0910,2025-05-09,Boat Smart Watch,Smart Watch,1.0,2500,2500.0,Pune,Wallet,4.4,2025-05,Low,False
INV0911,2025-01-21,HP Keyboard,Accessories,3.0,1200,3600.0,Delhi,Cash,4.8,2025-01,Low,True
INV0912,2025-03-31,Redmi Note 12,Mobile,4.0,13000,52000.0,Bangalore,Cash,4.4,2025-03,Very High,False
INV0913,2025-03-01,JBL Headphones,Accessories,4.0,2500,10000.0,Bangalore,Wallet,3.2,2025-03,Medium,False
INV0914,2025-01-18,HP Keyboard,Accessories,4.0,1200,4800.0,Mumbai,Wallet,3.9,2025-01,Low,False
INV0915,2025-04-24,iPhone 14,Mobile,5.0,75000,375000.0,Delhi,Wallet,4.7,2025-04,,True
INV0916,2025-03-15,HP Pavilion 15,Laptop,3.0,52000,156000.0,Chennai,Cash,3.6,2025-03,,False
INV0917,2024-12-10,Samsung M14,Mobile,5.0,14000,70000.0,Hyderabad,Card,4.0,2024-12,Very High,False
INV0918,2025-01-31,Redmi Note 12,Mobile,1.0,13000,13000.0,Chennai,Card,4.5,2025-01,Medium,True
INV0919,2025-02-01,Apple Watch,Smart Watch,5.0,32000,160000.0,Mumbai,Card,4.8,2025-02,,True
INV0920,2025-02-09,Logitech Mouse,Accessories,5.0,700,3500.0,Chennai,Cash,4.6,2025-02,Low,True
INV0921,2025-04-15,Apple Watch,Smart Watch,3.0,32000,96000.0,Hyderabad,Cash,3.6,2025-04,Very High,False
INV0922,2025-01-01,Dell Inspiron,Laptop,3.0,48000,144000.0,Kolkata,Cash,4.6,2025-01,,True
INV0923,2025-01-29,Samsung Smart TV,Smart TV,3.0,40000,120000.0,Hyderabad,Wallet,4.3,2025-01,,False
INV0924,2025-05-15,JBL Headphones,Accessories,2.0,2500,5000.0,Chennai,Cash,3.2,2025-05,Low,False
INV0925,2025-03-03,Samsung Smart TV,Smart TV,2.0,40000,80000.0,Kolkata,Cash,4.7,2025-03,Very High,True
INV0926,2024-12-27,Boat Smart Watch,Smart Watch,2.0,2500,5000.0,Mumbai,Cash,3.4,2024-12,Low,False
INV0927,2024-11-20,Dell Inspiron,Laptop,4.0,48000,192000.0,Delhi,Card,4.5,2024-11,,True
INV0928,2024-12-06,Samsung Smart TV,Smart TV,4.0,40000,160000.0,Pune,UPI,5.0,2024-12,,True
INV0929,2025-04-17,Boat Smart Watch,Smart Watch,5.0,2500,12500.0,Mumbai,UPI,4.2,2025-04,Medium,False
INV0930,2025-04-28,Logitech Mouse,Accessories,5.0,700,3500.0,Chennai,Cash,4.1,2025-04,Low,False
INV0931,2025-02-13,HP Keyboard,Accessories,5.0,1200,6000.0,Kolkata,Card,4.3,2025-02,Medium,False
INV0932,2025-05-01,Samsung M14,Mobile,4.0,14000,56000.0,Chennai,Wallet,3.6,2025-05,Very High,False
INV0933,2025-02-11,Samsung Smart TV,Smart TV,4.0,40000,160000.0,Pune,Cash,4.3,2025-02,,False
INV0934,2025-02-02,iPhone 14,Mobile,2.0,75000,150000.0,Delhi,UPI,5.0,2025-02,,True
INV0935,2025-04-17,iPhone 14,Mobile,3.0,75000,225000.0,Delhi,UPI,3.7,2025-04,,False
INV0936,2024-11-16,Logitech Mouse,Accessories,4.0,700,2800.0,Hyderabad,Cash,3.8,2024-11,Low,False
INV0937,2025-03-22,Redmi Note 12,Mobile,3.0,13000,39000.0,Bangalore,Cash,4.8,2025-03,High,True
INV0938,2025-03-14,JBL Headphones,Accessories,2.0,2500,5000.0,Kolkata,UPI,4.2,2025-03,Low,False
INV0939,2025-04-04,,Smart Watch,5.0,32000,160000.0,Kolkata,Card,4.0,2025-04,,False
INV0940,2025-03-16,JBL Headphones,Accessories,5.0,2500,12500.0,Bangalore,Card,3.1,2025-03,Medium,False
INV0941,2025-04-11,HP Pavilion 15,Laptop,1.0,52000,52000.0,Delhi,Wallet,4.8,2025-04,Very High,True
INV0942,2024-12-27,Samsung M14,Mobile,4.0,14000,56000.0,Pune,,4.7,2024-12,Very High,True
INV0943,2024-12-17,Redmi Note 12,Mobile,5.0,13000,65000.0,Bangalore,,4.7,2024-12,Very High,True
INV0944,2025-03-20,HP Keyboard,Accessories,1.0,1200,1200.0,Kolkata,Wallet,3.5,2025-03,Low,False
INV0945,2025-02-04,iPhone 14,Mobile,3.0,75000,225000.0,Hyderabad,Card,3.8,2025-02,,False
INV0946,2024-12-04,MacBook Air,Laptop,1.0,95000,95000.0,Jaipur,UPI,4.2,2024-12,Very High,False
INV0947,2024-12-22,HP Keyboard,Accessories,3.0,1200,3600.0,Hyderabad,Card,4.7,2024-12,Low,True
INV0948,2024-12-02,HP Pavilion 15,Laptop,1.0,52000,52000.0,Hyderabad,Cash,4.1,2024-12,Very High,False
INV0949,2025-02-05,JBL Headphones,Accessories,3.0,2500,7500.0,Pune,Card,3.7,2025-02,Medium,False
INV0950,2025-02-11,Samsung Smart TV,Smart TV,5.0,40000,200000.0,Bangalore,Wallet,4.9,2025-02,,True
INV0951,2025-01-29,Logitech Mouse,Accessories,1.0,700,700.0,Hyderabad,Cash,3.2,2025-01,Low,False
INV0952,2024-11-22,HP Keyboard,Accessories,3.0,1200,3600.0,Jaipur,Cash,3.0,2024-11,Low,False
INV0953,2025-01-19,Samsung Smart TV,Smart TV,1.0,40000,40000.0,Mumbai,UPI,4.4,2025-01,High,False
INV0954,2025-01-28,iPhone 14,Mobile,2.0,75000,150000.0,Pune,Cash,4.2,2025-01,,False
INV0955,2025-05-05,Samsung M14,Mobile,2.0,14000,28000.0,Chennai,Cash,4.3,2025-05,High,False
INV0956,2025-02-12,Samsung Smart TV,Smart TV,2.0,40000,80000.0,Bangalore,Wallet,4.2,2025-02,Very High,False
INV0957,2025-04-19,Samsung Smart TV,Smart TV,1.0,40000,40000.0,Jaipur,Wallet,4.5,2025-04,High,True
INV0958,2025-04-10,iPhone 14,Mobile,3.0,75000,225000.0,Hyderabad,UPI,5.0,2025-04,,True
INV0959,2025-02-20,Samsung M14,Mobile,3.0,14000,42000.0,Pune,Wallet,3.5,2025-02,High,False
INV0960,2025-04-02,Samsung M14,Mobile,3.0,14000,42000.0,Kolkata,Card,4.9,2025-04,High,True
INV0961,2025-03-09,JBL Headphones,Accessories,2.0,2500,5000.0,Kolkata,UPI,3.3,2025-03,Low,False
INV0962,2025-05-13,Redmi Note 12,Mobile,2.0,13000,26000.0,Chennai,UPI,4.7,2025-05,High,True
INV0963,2024-12-26,Redmi Note 12,Mobile,4.0,13000,52000.0,Jaipur,Card,3.8,2024-12,Very High,False
INV0964,2025-02-22,Samsung M14,Mobile,3.0,14000,42000.0,Kolkata,Card,3.1,2025-02,High,False
INV0965,2025-03-20,Boat Smart Watch,Smart Watch,1.0,2500,2500.0,Hyderabad,Cash,4.8,2025-03,Low,True
INV0966,2025-05-17,HP Pavilion 15,Laptop,1.0,52000,52000.0,Jaipur,Cash,4.1,2025-05,Very High,False
INV0967,2025-01-16,Dell Inspiron,Laptop,1.0,48000,48000.0,Jaipur,UPI,4.2,2025-01,High,False
INV0968,2025-04-24,HP Pavilion 15,Laptop,3.0,52000,156000.0,Jaipur,UPI,4.0,2025-04,,False
INV0969,2025-03-22,Logitech Mouse,Accessories,2.0,700,1400.0,Mumbai,Wallet,4.3,2025-03,Low,False
INV0970,2024-11-19,Samsung Smart TV,Smart TV,2.0,40000,80000.0,Pune,Cash,3.1,2024-11,Very High,False
INV0971,2025-03-18,Logitech Mouse,Accessories,5.0,700,3500.0,Bangalore,Card,3.6,2025-03,Low,False
INV0972,2025-03-02,Redmi Note 12,Mobile,2.0,13000,26000.0,Jaipur,Wallet,4.1,2025-03,High,False
INV0973,2024-12-28,Dell Inspiron,Laptop,2.0,48000,96000.0,Pune,UPI,3.2,2024-12,Very High,False
INV0974,2025-01-07,HP Keyboard,Accessories,5.0,1200,6000.0,Jaipur,UPI,3.5,2025-01,Medium,False
INV0975,2025-01-26,Samsung Smart TV,Smart TV,3.0,40000,120000.0,Chennai,UPI,4.0,2025-01,,False
INV0976,2025-01-23,MacBook Air,Laptop,1.0,95000,95000.0,Hyderabad,UPI,3.4,2025-01,Very High,False
INV0977,2024-12-28,Boat Smart Watch,Smart Watch,5.0,2500,12500.0,Chennai,Wallet,3.1,2024-12,Medium,False
INV0978,2025-03-18,MacBook Air,Laptop,4.0,95000,380000.0,Chennai,Cash,3.7,2025-03,,False
INV0979,2025-05-08,MacBook Air,Laptop,1.0,95000,95000.0,Jaipur,Cash,4.2,2025-05,Very High,False
INV0980,2025-03-07,HP Keyboard,Accessories,5.0,1200,6000.0,Bangalore,Card,5.0,2025-03,Medium,True
INV0981,2025-01-31,Dell Inspiron,Laptop,4.0,48000,192000.0,Chennai,Card,4.4,2025-01,,False
INV0982,2025-04-16,Dell Inspiron,Laptop,3.0,48000,144000.0,Mumbai,Wallet,4.6,2025-04,,True
INV0983,2025-05-06,Samsung M14,Mobile,5.0,14000,70000.0,Hyderabad,Wallet,4.7,2025-05,Very High,True
INV0984,2025-04-24,iPhone 14,Mobile,1.0,75000,75000.0,Jaipur,Wallet,4.5,2025-04,Very High,True
INV0985,2024-12-30,Apple Watch,Smart Watch,5.0,32000,160000.0,Hyderabad,Wallet,3.9,2024-12,,False
INV0986,2025-04-09,iPhone 14,Mobile,2.0,75000,150000.0,Mumbai,Wallet,4.8,2025-04,,True
INV0987,2025-01-14,Apple Watch,Smart Watch,2.0,32000,64000.0,Jaipur,Wallet,3.4,2025-01,Very High,False
INV0988,2025-03-07,Redmi Note 12,Mobile,1.0,13000,13000.0,Mumbai,Card,3.0,2025-03,Medium,False
INV0989,2024-12-30,JBL Headphones,Accessories,3.0,2500,7500.0,Delhi,Card,4.3,2024-12,Medium,False
INV0990,2025-02-23,JBL Headphones,Accessories,4.0,2500,10000.0,Pune,Card,3.4,2025-02,Medium,False
INV0991,2025-02-21,Redmi Note 12,Mobile,1.0,13000,13000.0,Jaipur,Card,3.3,2025-02,Medium,False
INV0992,2025-05-08,Dell Inspiron,Laptop,5.0,48000,240000.0,Mumbai,Wallet,3.4,2025-05,,False
INV0993,2025-01-17,Redmi Note 12,Mobile,2.0,13000,26000.0,Pune,Cash,4.0,2025-01,High,False
INV0994,2025-03-23,Logitech Mouse,Accessories,2.0,700,1400.0,Bangalore,Wallet,3.8,2025-03,Low,False
INV0995,2025-05-17,MacBook Air,Laptop,4.0,95000,380000.0,Jaipur,Cash,3.6,2025-05,,False
INV0996,2024-12-30,JBL Headphones,Accessories,2.0,2500,5000.0,Mumbai,Card,3.3,2024-12,Low,False
INV0997,2024-11-28,Redmi Note 12,Mobile,1.0,13000,13000.0,Chennai,UPI,4.2,2024-11,Medium,False
INV0998,2024-12-21,Logitech Mouse,Accessories,5.0,700,3500.0,Pune,Cash,4.2,2024-12,Low,False
INV0999,2024-12-29,Boat Smart Watch,Smart Watch,2.0,2500,5000.0,Mumbai,Wallet,3.6,2024-12,Low,False
INV1000,2025-04-23,Dell Inspiron,Laptop,4.0,48000,192000.0,Hyderabad,Cash,3.9,2025-04,,False
